date	is_open	year	month	weekday
2000-07-29	0	2000	7	5
2000-07-30	0	2000	7	6
2000-08-01	0	2000	8	1
2000-08-03	0	2000	8	3
2000-08-05	0	2000	8	5
2000-08-06	0	2000	8	6
2000-08-08	0	2000	8	1
2000-08-10	0	2000	8	3
2000-08-12	0	2000	8	5
2000-08-13	0	2000	8	6
2000-08-15	0	2000	8	1
2000-08-17	0	2000	8	3
2000-08-19	0	2000	8	5
2000-08-20	0	2000	8	6
2000-08-22	0	2000	8	1
2000-08-24	0	2000	8	3
2000-08-26	0	2000	8	5
2000-08-27	0	2000	8	6
2000-08-29	0	2000	8	1
2000-08-31	0	2000	8	3
2000-09-02	0	2000	9	5
2000-09-03	0	2000	9	6
2000-09-04	0	2000	9	0
2000-09-05	0	2000	9	1
2000-09-07	0	2000	9	3
2000-09-09	0	2000	9	5
2000-09-10	0	2000	9	6
2000-09-12	0	2000	9	1
2000-09-14	0	2000	9	3
2000-09-16	0	2000	9	5
2000-09-17	0	2000	9	6
2000-09-19	0	2000	9	1
2000-09-21	0	2000	9	3
2000-09-23	0	2000	9	5
2000-09-24	0	2000	9	6
2000-09-26	0	2000	9	1
2000-09-28	0	2000	9	3
2000-09-30	0	2000	9	5
2000-10-01	0	2000	10	6
2000-10-03	0	2000	10	1
2000-10-05	0	2000	10	3
2000-10-07	0	2000	10	5
2000-10-08	0	2000	10	6
2000-10-10	0	2000	10	1
2000-10-12	0	2000	10	3
2000-10-14	0	2000	10	5
2000-10-15	0	2000	10	6
2000-10-17	0	2000	10	1
2000-10-19	0	2000	10	3
2000-10-21	0	2000	10	5
2000-10-22	0	2000	10	6
2000-10-24	0	2000	10	1
2000-10-26	0	2000	10	3
2000-10-28	0	2000	10	5
2000-10-29	0	2000	10	6
2000-10-31	0	2000	10	1
2000-11-02	0	2000	11	3
2000-11-04	0	2000	11	5
2000-11-05	0	2000	11	6
2000-11-07	0	2000	11	1
2000-11-09	0	2000	11	3
2000-11-11	0	2000	11	5
2000-11-12	0	2000	11	6
2000-11-14	0	2000	11	1
2000-11-16	0	2000	11	3
2000-11-18	0	2000	11	5
2000-11-19	0	2000	11	6
2000-11-21	0	2000	11	1
2000-11-23	0	2000	11	3
2000-11-25	0	2000	11	5
2000-11-26	0	2000	11	6
2000-11-28	0	2000	11	1
2000-11-30	0	2000	11	3
2000-12-02	0	2000	12	5
2000-12-03	0	2000	12	6
2000-12-05	0	2000	12	1
2000-12-07	0	2000	12	3
2000-12-09	0	2000	12	5
2000-12-10	0	2000	12	6
2000-12-12	0	2000	12	1
2000-12-14	0	2000	12	3
2000-12-16	0	2000	12	5
2000-12-17	0	2000	12	6
2000-12-19	0	2000	12	1
2000-12-21	0	2000	12	3
2000-12-23	0	2000	12	5
2000-12-24	0	2000	12	6
2000-12-26	0	2000	12	1
2000-12-28	0	2000	12	3
2000-12-30	0	2000	12	5
2000-12-31	0	2000	12	6
2001-01-01	0	2001	1	0
2001-01-02	0	2001	1	1
2001-01-04	0	2001	1	3
2001-01-06	0	2001	1	5
2001-01-07	0	2001	1	6
2001-01-09	0	2001	1	1
2001-01-11	0	2001	1	3
2001-01-13	0	2001	1	5
2001-01-14	0	2001	1	6
2001-01-16	0	2001	1	1
2001-01-18	0	2001	1	3
2001-01-20	0	2001	1	5
2001-01-21	0	2001	1	6
2001-01-22	0	2001	1	0
2001-01-23	0	2001	1	1
2001-01-24	0	2001	1	2
2001-01-25	0	2001	1	3
2001-01-26	0	2001	1	4
2001-01-27	0	2001	1	5
2001-01-28	0	2001	1	6
2001-01-30	0	2001	1	1
2001-02-01	0	2001	2	3
2001-02-03	0	2001	2	5
2001-02-04	0	2001	2	6
2001-02-06	0	2001	2	1
2001-02-08	0	2001	2	3
2001-02-10	0	2001	2	5
2001-02-11	0	2001	2	6
2001-02-13	0	2001	2	1
2001-02-15	0	2001	2	3
2001-02-17	0	2001	2	5
2001-02-18	0	2001	2	6
2001-02-20	0	2001	2	1
2001-02-22	0	2001	2	3
2001-02-24	0	2001	2	5
2001-02-25	0	2001	2	6
2001-02-27	0	2001	2	1
2001-03-01	0	2001	3	3
2001-03-03	0	2001	3	5
2001-03-04	0	2001	3	6
2001-03-06	0	2001	3	1
2001-03-08	0	2001	3	3
2001-03-10	0	2001	3	5
2001-03-11	0	2001	3	6
2001-03-13	0	2001	3	1
2001-03-15	0	2001	3	3
2001-03-17	0	2001	3	5
2001-03-18	0	2001	3	6
2001-03-20	0	2001	3	1
2001-03-22	0	2001	3	3
2001-03-24	0	2001	3	5
2001-03-25	0	2001	3	6
2001-03-27	0	2001	3	1
2001-03-29	0	2001	3	3
2001-03-31	0	2001	3	5
2001-04-01	0	2001	4	6
2001-04-03	0	2001	4	1
2001-04-05	0	2001	4	3
2001-04-07	0	2001	4	5
2001-04-08	0	2001	4	6
2001-04-10	0	2001	4	1
2001-04-12	0	2001	4	3
2001-04-14	0	2001	4	5
2001-04-15	0	2001	4	6
2001-04-17	0	2001	4	1
2001-04-19	0	2001	4	3
2001-04-21	0	2001	4	5
2001-04-22	0	2001	4	6
2001-04-24	0	2001	4	1
2001-04-26	0	2001	4	3
2001-04-28	0	2001	4	5
2001-04-29	0	2001	4	6
2001-04-30	0	2001	4	0
2001-05-01	0	2001	5	1
2001-05-03	0	2001	5	3
2001-05-05	0	2001	5	5
2001-05-06	0	2001	5	6
2001-05-08	0	2001	5	1
2001-05-10	0	2001	5	3
2001-05-12	0	2001	5	5
2001-05-13	0	2001	5	6
2001-05-15	0	2001	5	1
2001-05-17	0	2001	5	3
2001-05-19	0	2001	5	5
2001-05-20	0	2001	5	6
2001-05-22	0	2001	5	1
2001-05-24	0	2001	5	3
2001-05-26	0	2001	5	5
2001-05-27	0	2001	5	6
2001-05-29	0	2001	5	1
2001-05-31	0	2001	5	3
2001-06-02	0	2001	6	5
2001-06-03	0	2001	6	6
2001-06-05	0	2001	6	1
2001-06-07	0	2001	6	3
2001-06-09	0	2001	6	5
2001-06-10	0	2001	6	6
2001-06-12	0	2001	6	1
2001-06-14	0	2001	6	3
2001-06-16	0	2001	6	5
2001-06-17	0	2001	6	6
2001-06-19	0	2001	6	1
2001-06-21	0	2001	6	3
2001-06-23	0	2001	6	5
2001-06-24	0	2001	6	6
2001-06-26	0	2001	6	1
2001-06-28	0	2001	6	3
2001-06-30	0	2001	6	5
2001-07-01	0	2001	7	6
2001-07-03	0	2001	7	1
2001-07-05	0	2001	7	3
2001-07-07	0	2001	7	5
2001-07-08	0	2001	7	6
2001-07-10	0	2001	7	1
2001-07-12	0	2001	7	3
2001-07-14	0	2001	7	5
2001-07-15	0	2001	7	6
2001-07-17	0	2001	7	1
2001-07-19	0	2001	7	3
2001-07-21	0	2001	7	5
2001-07-22	0	2001	7	6
2001-07-24	0	2001	7	1
2001-07-26	0	2001	7	3
2001-07-28	0	2001	7	5
2001-07-29	0	2001	7	6
2001-07-31	0	2001	7	1
2001-08-02	0	2001	8	3
2001-08-04	0	2001	8	5
2001-08-05	0	2001	8	6
2001-08-07	0	2001	8	1
2001-08-09	0	2001	8	3
2001-08-11	0	2001	8	5
2001-08-12	0	2001	8	6
2001-08-14	0	2001	8	1
2001-08-16	0	2001	8	3
2001-08-18	0	2001	8	5
2001-08-19	0	2001	8	6
2001-08-21	0	2001	8	1
2001-08-23	0	2001	8	3
2001-08-25	0	2001	8	5
2001-08-26	0	2001	8	6
2001-08-28	0	2001	8	1
2001-08-30	0	2001	8	3
2001-09-01	0	2001	9	5
2001-09-02	0	2001	9	6
2001-09-03	0	2001	9	0
2001-09-04	0	2001	9	1
2001-09-06	0	2001	9	3
2001-09-08	0	2001	9	5
2001-09-09	0	2001	9	6
2001-09-11	0	2001	9	1
2001-09-13	0	2001	9	3
2001-09-15	0	2001	9	5
2001-09-16	0	2001	9	6
2001-09-18	0	2001	9	1
2001-09-20	0	2001	9	3
2001-09-22	0	2001	9	5
2001-09-23	0	2001	9	6
2001-09-25	0	2001	9	1
2001-09-27	0	2001	9	3
2001-09-29	0	2001	9	5
2001-09-30	0	2001	9	6
2001-10-02	0	2001	10	1
2001-10-04	0	2001	10	3
2001-10-06	0	2001	10	5
2001-10-07	0	2001	10	6
2001-10-09	0	2001	10	1
2001-10-11	0	2001	10	3
2001-10-13	0	2001	10	5
2001-10-14	0	2001	10	6
2001-10-16	0	2001	10	1
2001-10-18	0	2001	10	3
2001-10-20	0	2001	10	5
2001-10-21	0	2001	10	6
2001-10-23	0	2001	10	1
2001-10-25	0	2001	10	3
2001-10-27	0	2001	10	5
2001-10-28	0	2001	10	6
2001-10-30	0	2001	10	1
2001-11-01	0	2001	11	3
2001-11-03	0	2001	11	5
2001-11-04	0	2001	11	6
2001-11-06	0	2001	11	1
2001-11-08	0	2001	11	3
2001-11-10	0	2001	11	5
2001-11-11	0	2001	11	6
2001-11-13	0	2001	11	1
2001-11-15	0	2001	11	3
2001-11-17	0	2001	11	5
2001-11-18	0	2001	11	6
2001-11-20	0	2001	11	1
2001-11-22	0	2001	11	3
2001-11-24	0	2001	11	5
2001-11-25	0	2001	11	6
2001-11-27	0	2001	11	1
2001-11-29	0	2001	11	3
2001-12-01	0	2001	12	5
2001-12-02	0	2001	12	6
2001-12-04	0	2001	12	1
2001-12-06	0	2001	12	3
2001-12-08	0	2001	12	5
2001-12-09	0	2001	12	6
2001-12-11	0	2001	12	1
2001-12-13	0	2001	12	3
2001-12-15	0	2001	12	5
2001-12-16	0	2001	12	6
2001-12-18	0	2001	12	1
2001-12-20	0	2001	12	3
2001-12-22	0	2001	12	5
2001-12-23	0	2001	12	6
2001-12-25	0	2001	12	1
2001-12-27	0	2001	12	3
2001-12-29	0	2001	12	5
2001-12-30	0	2001	12	6
2002-01-01	0	2002	1	1
2002-01-03	0	2002	1	3
2002-01-05	0	2002	1	5
2002-01-06	0	2002	1	6
2002-01-08	0	2002	1	1
2002-01-10	0	2002	1	3
2002-01-12	0	2002	1	5
2002-01-13	0	2002	1	6
2002-01-15	0	2002	1	1
2002-01-17	0	2002	1	3
2002-01-19	0	2002	1	5
2002-01-20	0	2002	1	6
2002-01-22	0	2002	1	1
2002-01-24	0	2002	1	3
2002-01-26	0	2002	1	5
2002-01-27	0	2002	1	6
2002-01-29	0	2002	1	1
2002-01-31	0	2002	1	3
2002-02-02	0	2002	2	5
2002-02-03	0	2002	2	6
2002-02-05	0	2002	2	1
2002-02-07	0	2002	2	3
2002-02-09	0	2002	2	5
2002-02-10	0	2002	2	6
2002-02-11	0	2002	2	0
2002-02-12	0	2002	2	1
2002-02-13	0	2002	2	2
2002-02-14	0	2002	2	3
2002-02-15	0	2002	2	4
2002-02-16	0	2002	2	5
2002-02-17	0	2002	2	6
2002-02-19	0	2002	2	1
2002-02-21	0	2002	2	3
2002-02-23	0	2002	2	5
2002-02-24	0	2002	2	6
2002-02-26	0	2002	2	1
2002-02-28	0	2002	2	3
2002-03-02	0	2002	3	5
2002-03-03	0	2002	3	6
2002-03-09	0	2002	3	5
2002-03-10	0	2002	3	6
2002-03-16	0	2002	3	5
2002-03-17	0	2002	3	6
2002-03-23	0	2002	3	5
2002-03-24	0	2002	3	6
2002-03-30	0	2002	3	5
2002-03-31	0	2002	3	6
2002-04-06	0	2002	4	5
2002-04-07	0	2002	4	6
2002-04-13	0	2002	4	5
2002-04-14	0	2002	4	6
2002-04-20	0	2002	4	5
2002-04-21	0	2002	4	6
2002-04-27	0	2002	4	5
2002-04-28	0	2002	4	6
2002-04-29	0	2002	4	0
2002-04-30	0	2002	4	1
2002-05-01	0	2002	5	2
2002-05-04	0	2002	5	5
2002-05-05	0	2002	5	6
2002-05-11	0	2002	5	5
2002-05-12	0	2002	5	6
2002-05-18	0	2002	5	5
2002-05-19	0	2002	5	6
2002-05-25	0	2002	5	5
2002-05-26	0	2002	5	6
2002-06-01	0	2002	6	5
2002-06-02	0	2002	6	6
2002-06-08	0	2002	6	5
2002-06-09	0	2002	6	6
2002-06-15	0	2002	6	5
2002-06-16	0	2002	6	6
2002-06-22	0	2002	6	5
2002-06-23	0	2002	6	6
2002-06-29	0	2002	6	5
2002-06-30	0	2002	6	6
2002-07-06	0	2002	7	5
2002-07-07	0	2002	7	6
2002-07-13	0	2002	7	5
2002-07-14	0	2002	7	6
2002-07-20	0	2002	7	5
2002-07-21	0	2002	7	6
2002-07-27	0	2002	7	5
2002-07-28	0	2002	7	6
2002-08-03	0	2002	8	5
2002-08-04	0	2002	8	6
2002-08-10	0	2002	8	5
2002-08-11	0	2002	8	6
2002-08-17	0	2002	8	5
2002-08-18	0	2002	8	6
2002-08-24	0	2002	8	5
2002-08-25	0	2002	8	6
2002-08-31	0	2002	8	5
2002-09-01	0	2002	9	6
2002-09-02	0	2002	9	0
2002-09-07	0	2002	9	5
2002-09-08	0	2002	9	6
2002-09-14	0	2002	9	5
2002-09-15	0	2002	9	6
2002-09-21	0	2002	9	5
2002-09-22	0	2002	9	6
2002-09-28	0	2002	9	5
2002-09-29	0	2002	9	6
2002-10-05	0	2002	10	5
2002-10-06	0	2002	10	6
2002-10-12	0	2002	10	5
2002-10-13	0	2002	10	6
2002-10-19	0	2002	10	5
2002-10-20	0	2002	10	6
2002-10-26	0	2002	10	5
2002-10-27	0	2002	10	6
2002-11-02	0	2002	11	5
2002-11-03	0	2002	11	6
2002-11-09	0	2002	11	5
2002-11-10	0	2002	11	6
2002-11-16	0	2002	11	5
2002-11-17	0	2002	11	6
2002-11-23	0	2002	11	5
2002-11-24	0	2002	11	6
2002-11-30	0	2002	11	5
2002-12-01	0	2002	12	6
2002-12-07	0	2002	12	5
2002-12-08	0	2002	12	6
2002-12-14	0	2002	12	5
2002-12-15	0	2002	12	6
2002-12-21	0	2002	12	5
2002-12-22	0	2002	12	6
2002-12-28	0	2002	12	5
2002-12-29	0	2002	12	6
2003-01-01	0	2003	1	2
2003-01-04	0	2003	1	5
2003-01-05	0	2003	1	6
2003-01-11	0	2003	1	5
2003-01-12	0	2003	1	6
2003-01-18	0	2003	1	5
2003-01-19	0	2003	1	6
2003-01-25	0	2003	1	5
2003-01-26	0	2003	1	6
2003-01-29	0	2003	1	2
2003-01-30	0	2003	1	3
2003-01-31	0	2003	1	4
2003-02-01	0	2003	2	5
2003-02-02	0	2003	2	6
2003-02-03	0	2003	2	0
2003-02-04	0	2003	2	1
2003-02-05	0	2003	2	2
2003-02-06	0	2003	2	3
2003-02-07	0	2003	2	4
2003-02-08	0	2003	2	5
2003-02-09	0	2003	2	6
2003-02-15	0	2003	2	5
2003-02-16	0	2003	2	6
2003-02-22	0	2003	2	5
2003-02-23	0	2003	2	6
2003-03-01	0	2003	3	5
2003-03-02	0	2003	3	6
2003-03-08	0	2003	3	5
2003-03-09	0	2003	3	6
2003-03-15	0	2003	3	5
2003-03-16	0	2003	3	6
2003-03-22	0	2003	3	5
2003-03-23	0	2003	3	6
2003-03-29	0	2003	3	5
2003-03-30	0	2003	3	6
2003-04-05	0	2003	4	5
2003-04-06	0	2003	4	6
2003-04-12	0	2003	4	5
2003-04-13	0	2003	4	6
2003-04-19	0	2003	4	5
2003-04-20	0	2003	4	6
2003-04-26	0	2003	4	5
2003-04-27	0	2003	4	6
2003-04-30	0	2003	4	2
2003-05-01	0	2003	5	3
2003-05-02	0	2003	5	4
2003-05-03	0	2003	5	5
2003-05-04	0	2003	5	6
2003-05-10	0	2003	5	5
2003-05-11	0	2003	5	6
2003-05-17	0	2003	5	5
2003-05-18	0	2003	5	6
2003-05-24	0	2003	5	5
2003-05-25	0	2003	5	6
2003-05-31	0	2003	5	5
2003-06-01	0	2003	6	6
2003-06-07	0	2003	6	5
2003-06-08	0	2003	6	6
2003-06-14	0	2003	6	5
2003-06-15	0	2003	6	6
2003-06-21	0	2003	6	5
2003-06-22	0	2003	6	6
2003-06-28	0	2003	6	5
2003-06-29	0	2003	6	6
2003-07-05	0	2003	7	5
2003-07-06	0	2003	7	6
2003-07-12	0	2003	7	5
2003-07-13	0	2003	7	6
2003-07-19	0	2003	7	5
2003-07-20	0	2003	7	6
2003-07-26	0	2003	7	5
2003-07-27	0	2003	7	6
2003-08-02	0	2003	8	5
2003-08-03	0	2003	8	6
2003-08-09	0	2003	8	5
2003-08-10	0	2003	8	6
2003-08-16	0	2003	8	5
2003-08-17	0	2003	8	6
2003-08-23	0	2003	8	5
2003-08-24	0	2003	8	6
2003-08-30	0	2003	8	5
2003-08-31	0	2003	8	6
2003-09-01	0	2003	9	0
2003-09-02	0	2003	9	1
2003-09-06	0	2003	9	5
2003-09-07	0	2003	9	6
2003-09-13	0	2003	9	5
2003-09-14	0	2003	9	6
2003-09-20	0	2003	9	5
2003-09-21	0	2003	9	6
2003-09-27	0	2003	9	5
2003-09-28	0	2003	9	6
2003-10-04	0	2003	10	5
2003-10-05	0	2003	10	6
2003-10-11	0	2003	10	5
2003-10-12	0	2003	10	6
2003-10-18	0	2003	10	5
2003-10-19	0	2003	10	6
2003-10-25	0	2003	10	5
2003-10-26	0	2003	10	6
2003-11-01	0	2003	11	5
2003-11-02	0	2003	11	6
2003-11-08	0	2003	11	5
2003-11-09	0	2003	11	6
2003-11-15	0	2003	11	5
2003-11-16	0	2003	11	6
2003-11-22	0	2003	11	5
2003-11-23	0	2003	11	6
2003-11-29	0	2003	11	5
2003-11-30	0	2003	11	6
2003-12-06	0	2003	12	5
2003-12-07	0	2003	12	6
2003-12-13	0	2003	12	5
2003-12-14	0	2003	12	6
2003-12-20	0	2003	12	5
2003-12-21	0	2003	12	6
2003-12-27	0	2003	12	5
2003-12-28	0	2003	12	6
2004-01-01	0	2004	1	3
2004-01-02	0	2004	1	4
2004-01-03	0	2004	1	5
2004-01-04	0	2004	1	6
2004-01-10	0	2004	1	5
2004-01-11	0	2004	1	6
2004-01-17	0	2004	1	5
2004-01-18	0	2004	1	6
2004-01-19	0	2004	1	0
2004-01-20	0	2004	1	1
2004-01-21	0	2004	1	2
2004-01-22	0	2004	1	3
2004-01-23	0	2004	1	4
2004-01-24	0	2004	1	5
2004-01-25	0	2004	1	6
2004-01-26	0	2004	1	0
2004-01-31	0	2004	1	5
2004-02-01	0	2004	2	6
2004-02-07	0	2004	2	5
2004-02-08	0	2004	2	6
2004-02-14	0	2004	2	5
2004-02-15	0	2004	2	6
2004-02-21	0	2004	2	5
2004-02-22	0	2004	2	6
2004-02-28	0	2004	2	5
2004-02-29	0	2004	2	6
2004-03-06	0	2004	3	5
2004-03-07	0	2004	3	6
2004-03-13	0	2004	3	5
2004-03-14	0	2004	3	6
2004-03-20	0	2004	3	5
2004-03-21	0	2004	3	6
2004-03-27	0	2004	3	5
2004-03-28	0	2004	3	6
2004-04-03	0	2004	4	5
2004-04-04	0	2004	4	6
2004-04-10	0	2004	4	5
2004-04-11	0	2004	4	6
2004-04-17	0	2004	4	5
2004-04-18	0	2004	4	6
2004-04-24	0	2004	4	5
2004-04-25	0	2004	4	6
2004-04-30	0	2004	4	4
2004-05-01	0	2004	5	5
2004-05-02	0	2004	5	6
2004-05-03	0	2004	5	0
2004-05-08	0	2004	5	5
2004-05-09	0	2004	5	6
2004-05-15	0	2004	5	5
2004-05-16	0	2004	5	6
2004-05-22	0	2004	5	5
2004-05-23	0	2004	5	6
2004-05-29	0	2004	5	5
2004-05-30	0	2004	5	6
2004-06-05	0	2004	6	5
2004-06-06	0	2004	6	6
2004-06-12	0	2004	6	5
2004-06-13	0	2004	6	6
2004-06-19	0	2004	6	5
2004-06-20	0	2004	6	6
2004-06-26	0	2004	6	5
2004-06-27	0	2004	6	6
2004-07-03	0	2004	7	5
2004-07-04	0	2004	7	6
2004-07-10	0	2004	7	5
2004-07-11	0	2004	7	6
2004-07-17	0	2004	7	5
2004-07-18	0	2004	7	6
2004-07-24	0	2004	7	5
2004-07-25	0	2004	7	6
2004-07-31	0	2004	7	5
2004-08-01	0	2004	8	6
2004-08-07	0	2004	8	5
2004-08-08	0	2004	8	6
2004-08-14	0	2004	8	5
2004-08-15	0	2004	8	6
2004-08-21	0	2004	8	5
2004-08-22	0	2004	8	6
2004-08-28	0	2004	8	5
2004-08-29	0	2004	8	6
2004-09-02	0	2004	9	3
2004-09-03	0	2004	9	4
2004-09-04	0	2004	9	5
2004-09-05	0	2004	9	6
2004-09-11	0	2004	9	5
2004-09-12	0	2004	9	6
2004-09-18	0	2004	9	5
2004-09-19	0	2004	9	6
2004-09-25	0	2004	9	5
2004-09-26	0	2004	9	6
2004-10-02	0	2004	10	5
2004-10-03	0	2004	10	6
2004-10-09	0	2004	10	5
2004-10-10	0	2004	10	6
2004-10-16	0	2004	10	5
2004-10-17	0	2004	10	6
2004-10-23	0	2004	10	5
2004-10-24	0	2004	10	6
2004-10-30	0	2004	10	5
2004-10-31	0	2004	10	6
2004-11-06	0	2004	11	5
2004-11-07	0	2004	11	6
2004-11-13	0	2004	11	5
2004-11-14	0	2004	11	6
2004-11-20	0	2004	11	5
2004-11-21	0	2004	11	6
2004-11-27	0	2004	11	5
2004-11-28	0	2004	11	6
2004-12-04	0	2004	12	5
2004-12-05	0	2004	12	6
2004-12-11	0	2004	12	5
2004-12-12	0	2004	12	6
2004-12-18	0	2004	12	5
2004-12-19	0	2004	12	6
2004-12-25	0	2004	12	5
2004-12-26	0	2004	12	6
2005-01-01	0	2005	1	5
2005-01-02	0	2005	1	6
2005-01-03	0	2005	1	0
2005-01-08	0	2005	1	5
2005-01-09	0	2005	1	6
2005-01-15	0	2005	1	5
2005-01-16	0	2005	1	6
2005-01-22	0	2005	1	5
2005-01-23	0	2005	1	6
2005-01-29	0	2005	1	5
2005-01-30	0	2005	1	6
2005-02-05	0	2005	2	5
2005-02-06	0	2005	2	6
2005-02-07	0	2005	2	0
2005-02-08	0	2005	2	1
2005-02-09	0	2005	2	2
2005-02-10	0	2005	2	3
2005-02-11	0	2005	2	4
2005-02-12	0	2005	2	5
2005-02-13	0	2005	2	6
2005-02-19	0	2005	2	5
2005-02-20	0	2005	2	6
2005-02-26	0	2005	2	5
2005-02-27	0	2005	2	6
2005-03-05	0	2005	3	5
2005-03-06	0	2005	3	6
2005-03-12	0	2005	3	5
2005-03-13	0	2005	3	6
2005-03-19	0	2005	3	5
2005-03-20	0	2005	3	6
2005-03-26	0	2005	3	5
2005-03-27	0	2005	3	6
2005-04-02	0	2005	4	5
2005-04-03	0	2005	4	6
2005-04-09	0	2005	4	5
2005-04-10	0	2005	4	6
2005-04-16	0	2005	4	5
2005-04-17	0	2005	4	6
2005-04-23	0	2005	4	5
2005-04-24	0	2005	4	6
2005-04-30	0	2005	4	5
2005-05-01	0	2005	5	6
2005-05-02	0	2005	5	0
2005-05-03	0	2005	5	1
2005-05-07	0	2005	5	5
2005-05-08	0	2005	5	6
2005-05-14	0	2005	5	5
2005-05-15	0	2005	5	6
2005-05-21	0	2005	5	5
2005-05-22	0	2005	5	6
2005-05-28	0	2005	5	5
2005-05-29	0	2005	5	6
2005-06-04	0	2005	6	5
2005-06-05	0	2005	6	6
2005-06-11	0	2005	6	5
2005-06-12	0	2005	6	6
2005-06-18	0	2005	6	5
2005-06-19	0	2005	6	6
2005-06-25	0	2005	6	5
2005-06-26	0	2005	6	6
2005-07-02	0	2005	7	5
2005-07-03	0	2005	7	6
2005-07-09	0	2005	7	5
2005-07-10	0	2005	7	6
2005-07-16	0	2005	7	5
2005-07-17	0	2005	7	6
2005-07-23	0	2005	7	5
2005-07-24	0	2005	7	6
2005-07-30	0	2005	7	5
2005-07-31	0	2005	7	6
2005-08-06	0	2005	8	5
2005-08-07	0	2005	8	6
2005-08-13	0	2005	8	5
2005-08-14	0	2005	8	6
2005-08-20	0	2005	8	5
2005-08-21	0	2005	8	6
2005-08-27	0	2005	8	5
2005-08-28	0	2005	8	6
2005-09-02	0	2005	9	4
2005-09-03	0	2005	9	5
2005-09-04	0	2005	9	6
2005-09-10	0	2005	9	5
2005-09-11	0	2005	9	6
2005-09-17	0	2005	9	5
2005-09-18	0	2005	9	6
2005-09-24	0	2005	9	5
2005-09-25	0	2005	9	6
2005-10-01	0	2005	10	5
2005-10-02	0	2005	10	6
2005-10-08	0	2005	10	5
2005-10-09	0	2005	10	6
2005-10-15	0	2005	10	5
2005-10-16	0	2005	10	6
2005-10-22	0	2005	10	5
2005-10-23	0	2005	10	6
2005-10-29	0	2005	10	5
2005-10-30	0	2005	10	6
2005-11-05	0	2005	11	5
2005-11-06	0	2005	11	6
2005-11-12	0	2005	11	5
2005-11-13	0	2005	11	6
2005-11-19	0	2005	11	5
2005-11-20	0	2005	11	6
2005-11-26	0	2005	11	5
2005-11-27	0	2005	11	6
2005-12-03	0	2005	12	5
2005-12-04	0	2005	12	6
2005-12-10	0	2005	12	5
2005-12-11	0	2005	12	6
2005-12-17	0	2005	12	5
2005-12-18	0	2005	12	6
2005-12-24	0	2005	12	5
2005-12-25	0	2005	12	6
2005-12-31	0	2005	12	5
2006-01-01	0	2006	1	6
2006-01-02	0	2006	1	0
2006-01-07	0	2006	1	5
2006-01-08	0	2006	1	6
2006-01-14	0	2006	1	5
2006-01-15	0	2006	1	6
2006-01-16	0	2006	1	0
2006-01-21	0	2006	1	5
2006-01-22	0	2006	1	6
2006-01-28	0	2006	1	5
2006-01-29	0	2006	1	6
2006-01-30	0	2006	1	0
2006-01-31	0	2006	1	1
2006-02-01	0	2006	2	2
2006-02-02	0	2006	2	3
2006-02-03	0	2006	2	4
2006-02-04	0	2006	2	5
2006-02-05	0	2006	2	6
2006-02-11	0	2006	2	5
2006-02-12	0	2006	2	6
2006-02-18	0	2006	2	5
2006-02-19	0	2006	2	6
2006-02-25	0	2006	2	5
2006-02-26	0	2006	2	6
2006-03-04	0	2006	3	5
2006-03-05	0	2006	3	6
2006-03-11	0	2006	3	5
2006-03-12	0	2006	3	6
2006-03-18	0	2006	3	5
2006-03-19	0	2006	3	6
2006-03-25	0	2006	3	5
2006-03-26	0	2006	3	6
2006-04-01	0	2006	4	5
2006-04-02	0	2006	4	6
2006-04-08	0	2006	4	5
2006-04-09	0	2006	4	6
2006-04-15	0	2006	4	5
2006-04-16	0	2006	4	6
2006-04-22	0	2006	4	5
2006-04-23	0	2006	4	6
2006-04-29	0	2006	4	5
2006-04-30	0	2006	4	6
2006-05-01	0	2006	5	0
2006-05-02	0	2006	5	1
2006-05-06	0	2006	5	5
2006-05-07	0	2006	5	6
2006-05-13	0	2006	5	5
2006-05-14	0	2006	5	6
2006-05-20	0	2006	5	5
2006-05-21	0	2006	5	6
2006-05-27	0	2006	5	5
2006-05-28	0	2006	5	6
2006-06-03	0	2006	6	5
2006-06-04	0	2006	6	6
2006-06-10	0	2006	6	5
2006-06-11	0	2006	6	6
2006-06-17	0	2006	6	5
2006-06-18	0	2006	6	6
2006-06-24	0	2006	6	5
2006-06-25	0	2006	6	6
2006-07-01	0	2006	7	5
2006-07-02	0	2006	7	6
2006-07-08	0	2006	7	5
2006-07-09	0	2006	7	6
2006-07-15	0	2006	7	5
2006-07-16	0	2006	7	6
2006-07-22	0	2006	7	5
2006-07-23	0	2006	7	6
2006-07-29	0	2006	7	5
2006-07-30	0	2006	7	6
2006-08-05	0	2006	8	5
2006-08-06	0	2006	8	6
2006-08-12	0	2006	8	5
2006-08-13	0	2006	8	6
2006-08-19	0	2006	8	5
2006-08-20	0	2006	8	6
2006-08-26	0	2006	8	5
2006-08-27	0	2006	8	6
2006-09-02	0	2006	9	5
2006-09-03	0	2006	9	6
2006-09-04	0	2006	9	0
2006-09-09	0	2006	9	5
2006-09-10	0	2006	9	6
2006-09-16	0	2006	9	5
2006-09-17	0	2006	9	6
2006-09-23	0	2006	9	5
2006-09-24	0	2006	9	6
2006-09-30	0	2006	9	5
2006-10-01	0	2006	10	6
2006-10-07	0	2006	10	5
2006-10-08	0	2006	10	6
2006-10-14	0	2006	10	5
2006-10-15	0	2006	10	6
2006-10-21	0	2006	10	5
2006-10-22	0	2006	10	6
2006-10-28	0	2006	10	5
2006-10-29	0	2006	10	6
2006-11-04	0	2006	11	5
2006-11-05	0	2006	11	6
2006-11-11	0	2006	11	5
2006-11-12	0	2006	11	6
2006-11-18	0	2006	11	5
2006-11-19	0	2006	11	6
2006-11-25	0	2006	11	5
2006-11-26	0	2006	11	6
2006-12-02	0	2006	12	5
2006-12-03	0	2006	12	6
2006-12-09	0	2006	12	5
2006-12-10	0	2006	12	6
2006-12-16	0	2006	12	5
2006-12-17	0	2006	12	6
2006-12-23	0	2006	12	5
2006-12-24	0	2006	12	6
2006-12-30	0	2006	12	5
2006-12-31	0	2006	12	6
2007-01-01	0	2007	1	0
2007-01-06	0	2007	1	5
2007-01-07	0	2007	1	6
2007-01-13	0	2007	1	5
2007-01-14	0	2007	1	6
2007-01-20	0	2007	1	5
2007-01-21	0	2007	1	6
2007-01-27	0	2007	1	5
2007-01-28	0	2007	1	6
2007-02-03	0	2007	2	5
2007-02-04	0	2007	2	6
2007-02-10	0	2007	2	5
2007-02-11	0	2007	2	6
2007-02-16	0	2007	2	4
2007-02-17	0	2007	2	5
2007-02-18	0	2007	2	6
2007-02-19	0	2007	2	0
2007-02-20	0	2007	2	1
2007-02-21	0	2007	2	2
2007-02-22	0	2007	2	3
2007-02-23	0	2007	2	4
2007-02-24	0	2007	2	5
2007-02-25	0	2007	2	6
2007-03-03	0	2007	3	5
2007-03-04	0	2007	3	6
2007-03-10	0	2007	3	5
2007-03-11	0	2007	3	6
2007-03-17	0	2007	3	5
2007-03-18	0	2007	3	6
2007-03-24	0	2007	3	5
2007-03-25	0	2007	3	6
2007-03-31	0	2007	3	5
2007-04-01	0	2007	4	6
2007-04-07	0	2007	4	5
2007-04-08	0	2007	4	6
2007-04-14	0	2007	4	5
2007-04-15	0	2007	4	6
2007-04-21	0	2007	4	5
2007-04-22	0	2007	4	6
2007-04-26	0	2007	4	3
2007-04-27	0	2007	4	4
2007-04-28	0	2007	4	5
2007-04-29	0	2007	4	6
2007-04-30	0	2007	4	0
2007-05-01	0	2007	5	1
2007-05-05	0	2007	5	5
2007-05-06	0	2007	5	6
2007-05-12	0	2007	5	5
2007-05-13	0	2007	5	6
2007-05-19	0	2007	5	5
2007-05-20	0	2007	5	6
2007-05-26	0	2007	5	5
2007-05-27	0	2007	5	6
2007-06-02	0	2007	6	5
2007-06-03	0	2007	6	6
2007-06-09	0	2007	6	5
2007-06-10	0	2007	6	6
2007-06-16	0	2007	6	5
2007-06-17	0	2007	6	6
2007-06-23	0	2007	6	5
2007-06-24	0	2007	6	6
2007-06-30	0	2007	6	5
2007-07-01	0	2007	7	6
2007-07-07	0	2007	7	5
2007-07-08	0	2007	7	6
2007-07-14	0	2007	7	5
2007-07-15	0	2007	7	6
2007-07-21	0	2007	7	5
2007-07-22	0	2007	7	6
2007-07-28	0	2007	7	5
2007-07-29	0	2007	7	6
2007-08-04	0	2007	8	5
2007-08-05	0	2007	8	6
2007-08-11	0	2007	8	5
2007-08-12	0	2007	8	6
2007-08-18	0	2007	8	5
2007-08-19	0	2007	8	6
2007-08-25	0	2007	8	5
2007-08-26	0	2007	8	6
2007-09-01	0	2007	9	5
2007-09-02	0	2007	9	6
2007-09-03	0	2007	9	0
2007-09-08	0	2007	9	5
2007-09-09	0	2007	9	6
2007-09-15	0	2007	9	5
2007-09-16	0	2007	9	6
2007-09-22	0	2007	9	5
2007-09-23	0	2007	9	6
2007-09-29	0	2007	9	5
2007-09-30	0	2007	9	6
2007-10-06	0	2007	10	5
2007-10-07	0	2007	10	6
2007-10-13	0	2007	10	5
2007-10-14	0	2007	10	6
2007-10-20	0	2007	10	5
2007-10-21	0	2007	10	6
2007-10-27	0	2007	10	5
2007-10-28	0	2007	10	6
2007-11-03	0	2007	11	5
2007-11-04	0	2007	11	6
2007-11-10	0	2007	11	5
2007-11-11	0	2007	11	6
2007-11-17	0	2007	11	5
2007-11-18	0	2007	11	6
2007-11-24	0	2007	11	5
2007-11-25	0	2007	11	6
2007-12-01	0	2007	12	5
2007-12-02	0	2007	12	6
2007-12-08	0	2007	12	5
2007-12-09	0	2007	12	6
2007-12-15	0	2007	12	5
2007-12-16	0	2007	12	6
2007-12-22	0	2007	12	5
2007-12-23	0	2007	12	6
2007-12-29	0	2007	12	5
2007-12-30	0	2007	12	6
2007-12-31	0	2007	12	0
2008-01-01	0	2008	1	1
2008-01-05	0	2008	1	5
2008-01-06	0	2008	1	6
2008-01-12	0	2008	1	5
2008-01-13	0	2008	1	6
2008-01-19	0	2008	1	5
2008-01-20	0	2008	1	6
2008-01-26	0	2008	1	5
2008-01-27	0	2008	1	6
2008-02-02	0	2008	2	5
2008-02-03	0	2008	2	6
2008-02-04	0	2008	2	0
2008-02-05	0	2008	2	1
2008-02-06	0	2008	2	2
2008-02-07	0	2008	2	3
2008-02-08	0	2008	2	4
2008-02-09	0	2008	2	5
2008-02-10	0	2008	2	6
2008-02-11	0	2008	2	0
2008-02-16	0	2008	2	5
2008-02-17	0	2008	2	6
2008-02-23	0	2008	2	5
2008-02-24	0	2008	2	6
2008-03-01	0	2008	3	5
2008-03-02	0	2008	3	6
2008-03-08	0	2008	3	5
2008-03-09	0	2008	3	6
2008-03-15	0	2008	3	5
2008-03-16	0	2008	3	6
2008-03-22	0	2008	3	5
2008-03-23	0	2008	3	6
2008-03-29	0	2008	3	5
2008-03-30	0	2008	3	6
2008-04-05	0	2008	4	5
2008-04-06	0	2008	4	6
2008-04-12	0	2008	4	5
2008-04-13	0	2008	4	6
2008-04-14	0	2008	4	0
2008-04-15	0	2008	4	1
2008-04-19	0	2008	4	5
2008-04-20	0	2008	4	6
2008-04-26	0	2008	4	5
2008-04-27	0	2008	4	6
2008-04-30	0	2008	4	2
2008-05-01	0	2008	5	3
2008-05-02	0	2008	5	4
2008-05-03	0	2008	5	5
2008-05-04	0	2008	5	6
2008-05-10	0	2008	5	5
2008-05-11	0	2008	5	6
2008-05-17	0	2008	5	5
2008-05-18	0	2008	5	6
2008-05-24	0	2008	5	5
2008-05-25	0	2008	5	6
2008-05-27	0	2008	5	1
2008-05-28	0	2008	5	2
2008-05-29	0	2008	5	3
2008-05-31	0	2008	5	5
2008-06-01	0	2008	6	6
2008-06-07	0	2008	6	5
2008-06-08	0	2008	6	6
2008-06-14	0	2008	6	5
2008-06-15	0	2008	6	6
2008-06-21	0	2008	6	5
2008-06-22	0	2008	6	6
2008-06-28	0	2008	6	5
2008-06-29	0	2008	6	6
2008-07-05	0	2008	7	5
2008-07-06	0	2008	7	6
2008-07-12	0	2008	7	5
2008-07-13	0	2008	7	6
2008-07-19	0	2008	7	5
2008-07-20	0	2008	7	6
2008-07-26	0	2008	7	5
2008-07-27	0	2008	7	6
2008-08-02	0	2008	8	5
2008-08-03	0	2008	8	6
2008-08-09	0	2008	8	5
2008-08-10	0	2008	8	6
2008-08-16	0	2008	8	5
2008-08-17	0	2008	8	6
2008-08-23	0	2008	8	5
2008-08-24	0	2008	8	6
2008-08-30	0	2008	8	5
2008-08-31	0	2008	8	6
2008-09-01	0	2008	9	0
2008-09-02	0	2008	9	1
2008-09-06	0	2008	9	5
2008-09-07	0	2008	9	6
2008-09-13	0	2008	9	5
2008-09-14	0	2008	9	6
2008-09-20	0	2008	9	5
2008-09-21	0	2008	9	6
2008-09-27	0	2008	9	5
2008-09-28	0	2008	9	6
2008-10-04	0	2008	10	5
2008-10-05	0	2008	10	6
2008-10-11	0	2008	10	5
2008-10-12	0	2008	10	6
2008-10-18	0	2008	10	5
2008-10-19	0	2008	10	6
2008-10-25	0	2008	10	5
2008-10-26	0	2008	10	6
2008-11-01	0	2008	11	5
2008-11-02	0	2008	11	6
2008-11-08	0	2008	11	5
2008-11-09	0	2008	11	6
2008-11-15	0	2008	11	5
2008-11-16	0	2008	11	6
2008-11-22	0	2008	11	5
2008-11-23	0	2008	11	6
2008-11-29	0	2008	11	5
2008-11-30	0	2008	11	6
2008-12-06	0	2008	12	5
2008-12-07	0	2008	12	6
2008-12-13	0	2008	12	5
2008-12-14	0	2008	12	6
2008-12-20	0	2008	12	5
2008-12-21	0	2008	12	6
2008-12-27	0	2008	12	5
2008-12-28	0	2008	12	6
2009-01-01	0	2009	1	3
2009-01-03	0	2009	1	5
2009-01-04	0	2009	1	6
2009-01-10	0	2009	1	5
2009-01-11	0	2009	1	6
2009-01-17	0	2009	1	5
2009-01-18	0	2009	1	6
2009-01-24	0	2009	1	5
2009-01-25	0	2009	1	6
2009-01-26	0	2009	1	0
2009-01-27	0	2009	1	1
2009-01-28	0	2009	1	2
2009-01-29	0	2009	1	3
2009-01-30	0	2009	1	4
2009-01-31	0	2009	1	5
2009-02-01	0	2009	2	6
2009-02-07	0	2009	2	5
2009-02-08	0	2009	2	6
2009-02-14	0	2009	2	5
2009-02-15	0	2009	2	6
2009-02-21	0	2009	2	5
2009-02-22	0	2009	2	6
2009-02-28	0	2009	2	5
2009-03-01	0	2009	3	6
2009-03-07	0	2009	3	5
2009-03-08	0	2009	3	6
2009-03-14	0	2009	3	5
2009-03-15	0	2009	3	6
2009-03-21	0	2009	3	5
2009-03-22	0	2009	3	6
2009-03-28	0	2009	3	5
2009-03-29	0	2009	3	6
2009-04-04	0	2009	4	5
2009-04-05	0	2009	4	6
2009-04-06	0	2009	4	0
2009-04-11	0	2009	4	5
2009-04-12	0	2009	4	6
2009-04-18	0	2009	4	5
2009-04-19	0	2009	4	6
2009-04-25	0	2009	4	5
2009-04-26	0	2009	4	6
2009-04-30	0	2009	4	3
2009-05-01	0	2009	5	4
2009-05-02	0	2009	5	5
2009-05-03	0	2009	5	6
2009-05-09	0	2009	5	5
2009-05-10	0	2009	5	6
2009-05-16	0	2009	5	5
2009-05-17	0	2009	5	6
2009-05-23	0	2009	5	5
2009-05-24	0	2009	5	6
2009-05-30	0	2009	5	5
2009-05-31	0	2009	5	6
2009-06-06	0	2009	6	5
2009-06-07	0	2009	6	6
2009-06-13	0	2009	6	5
2009-06-14	0	2009	6	6
2009-06-20	0	2009	6	5
2009-06-21	0	2009	6	6
2009-06-27	0	2009	6	5
2009-06-28	0	2009	6	6
2009-07-04	0	2009	7	5
2009-07-05	0	2009	7	6
2009-07-11	0	2009	7	5
2009-07-12	0	2009	7	6
2009-07-18	0	2009	7	5
2009-07-19	0	2009	7	6
2009-07-25	0	2009	7	5
2009-07-26	0	2009	7	6
2009-08-01	0	2009	8	5
2009-08-02	0	2009	8	6
2009-08-08	0	2009	8	5
2009-08-09	0	2009	8	6
2009-08-15	0	2009	8	5
2009-08-16	0	2009	8	6
2009-08-22	0	2009	8	5
2009-08-23	0	2009	8	6
2009-08-29	0	2009	8	5
2009-08-30	0	2009	8	6
2009-09-02	0	2009	9	2
2009-09-05	0	2009	9	5
2009-09-06	0	2009	9	6
2009-09-12	0	2009	9	5
2009-09-13	0	2009	9	6
2009-09-19	0	2009	9	5
2009-09-20	0	2009	9	6
2009-09-26	0	2009	9	5
2009-09-27	0	2009	9	6
2009-10-03	0	2009	10	5
2009-10-04	0	2009	10	6
2009-10-10	0	2009	10	5
2009-10-11	0	2009	10	6
2009-10-17	0	2009	10	5
2009-10-18	0	2009	10	6
2009-10-24	0	2009	10	5
2009-10-25	0	2009	10	6
2009-10-31	0	2009	10	5
2009-11-01	0	2009	11	6
2009-11-07	0	2009	11	5
2009-11-08	0	2009	11	6
2009-11-14	0	2009	11	5
2009-11-15	0	2009	11	6
2009-11-21	0	2009	11	5
2009-11-22	0	2009	11	6
2009-11-28	0	2009	11	5
2009-11-29	0	2009	11	6
2009-12-05	0	2009	12	5
2009-12-06	0	2009	12	6
2009-12-12	0	2009	12	5
2009-12-13	0	2009	12	6
2009-12-19	0	2009	12	5
2009-12-20	0	2009	12	6
2009-12-26	0	2009	12	5
2009-12-27	0	2009	12	6
2010-01-01	0	2010	1	4
2010-01-02	0	2010	1	5
2010-01-03	0	2010	1	6
2010-01-09	0	2010	1	5
2010-01-10	0	2010	1	6
2010-01-16	0	2010	1	5
2010-01-17	0	2010	1	6
2010-01-23	0	2010	1	5
2010-01-24	0	2010	1	6
2010-01-30	0	2010	1	5
2010-01-31	0	2010	1	6
2010-02-06	0	2010	2	5
2010-02-07	0	2010	2	6
2010-02-13	0	2010	2	5
2010-02-14	0	2010	2	6
2010-02-15	0	2010	2	0
2010-02-16	0	2010	2	1
2010-02-17	0	2010	2	2
2010-02-18	0	2010	2	3
2010-02-19	0	2010	2	4
2010-02-20	0	2010	2	5
2010-02-21	0	2010	2	6
2010-02-27	0	2010	2	5
2010-02-28	0	2010	2	6
2010-03-06	0	2010	3	5
2010-03-07	0	2010	3	6
2010-03-13	0	2010	3	5
2010-03-14	0	2010	3	6
2010-03-20	0	2010	3	5
2010-03-21	0	2010	3	6
2010-03-27	0	2010	3	5
2010-03-28	0	2010	3	6
2010-04-03	0	2010	4	5
2010-04-04	0	2010	4	6
2010-04-10	0	2010	4	5
2010-04-11	0	2010	4	6
2010-04-17	0	2010	4	5
2010-04-18	0	2010	4	6
2010-04-23	0	2010	4	4
2010-04-24	0	2010	4	5
2010-04-25	0	2010	4	6
2010-04-30	0	2010	4	4
2010-05-01	0	2010	5	5
2010-05-02	0	2010	5	6
2010-05-03	0	2010	5	0
2010-05-08	0	2010	5	5
2010-05-09	0	2010	5	6
2010-05-15	0	2010	5	5
2010-05-16	0	2010	5	6
2010-05-22	0	2010	5	5
2010-05-23	0	2010	5	6
2010-05-29	0	2010	5	5
2010-05-30	0	2010	5	6
2010-06-05	0	2010	6	5
2010-06-06	0	2010	6	6
2010-06-12	0	2010	6	5
2010-06-13	0	2010	6	6
2010-06-19	0	2010	6	5
2010-06-20	0	2010	6	6
2010-06-26	0	2010	6	5
2010-06-27	0	2010	6	6
2010-07-03	0	2010	7	5
2010-07-04	0	2010	7	6
2010-07-10	0	2010	7	5
2010-07-11	0	2010	7	6
2010-07-17	0	2010	7	5
2010-07-18	0	2010	7	6
2010-07-24	0	2010	7	5
2010-07-25	0	2010	7	6
2010-07-31	0	2010	7	5
2010-08-01	0	2010	8	6
2010-08-07	0	2010	8	5
2010-08-08	0	2010	8	6
2010-08-14	0	2010	8	5
2010-08-15	0	2010	8	6
2010-08-21	0	2010	8	5
2010-08-22	0	2010	8	6
2010-08-28	0	2010	8	5
2010-08-29	0	2010	8	6
2010-09-02	0	2010	9	3
2010-09-03	0	2010	9	4
2010-09-04	0	2010	9	5
2010-09-05	0	2010	9	6
2010-09-11	0	2010	9	5
2010-09-12	0	2010	9	6
2010-09-18	0	2010	9	5
2010-09-19	0	2010	9	6
2010-09-25	0	2010	9	5
2010-09-26	0	2010	9	6
2010-10-02	0	2010	10	5
2010-10-03	0	2010	10	6
2010-10-09	0	2010	10	5
2010-10-10	0	2010	10	6
2010-10-16	0	2010	10	5
2010-10-17	0	2010	10	6
2010-10-23	0	2010	10	5
2010-10-24	0	2010	10	6
2010-10-30	0	2010	10	5
2010-10-31	0	2010	10	6
2010-11-06	0	2010	11	5
2010-11-07	0	2010	11	6
2010-11-13	0	2010	11	5
2010-11-14	0	2010	11	6
2010-11-20	0	2010	11	5
2010-11-21	0	2010	11	6
2010-11-27	0	2010	11	5
2010-11-28	0	2010	11	6
2010-12-04	0	2010	12	5
2010-12-05	0	2010	12	6
2010-12-11	0	2010	12	5
2010-12-12	0	2010	12	6
2010-12-18	0	2010	12	5
2010-12-19	0	2010	12	6
2010-12-25	0	2010	12	5
2010-12-26	0	2010	12	6
2011-01-01	0	2011	1	5
2011-01-02	0	2011	1	6
2011-01-03	0	2011	1	0
2011-01-08	0	2011	1	5
2011-01-09	0	2011	1	6
2011-01-15	0	2011	1	5
2011-01-16	0	2011	1	6
2011-01-22	0	2011	1	5
2011-01-23	0	2011	1	6
2011-01-29	0	2011	1	5
2011-01-30	0	2011	1	6
2011-01-31	0	2011	1	0
2011-02-01	0	2011	2	1
2011-02-02	0	2011	2	2
2011-02-03	0	2011	2	3
2011-02-04	0	2011	2	4
2011-02-05	0	2011	2	5
2011-02-06	0	2011	2	6
2011-02-07	0	2011	2	0
2011-02-12	0	2011	2	5
2011-02-13	0	2011	2	6
2011-02-19	0	2011	2	5
2011-02-20	0	2011	2	6
2011-02-26	0	2011	2	5
2011-02-27	0	2011	2	6
2011-03-05	0	2011	3	5
2011-03-06	0	2011	3	6
2011-03-12	0	2011	3	5
2011-03-13	0	2011	3	6
2011-03-19	0	2011	3	5
2011-03-20	0	2011	3	6
2011-03-26	0	2011	3	5
2011-03-27	0	2011	3	6
2011-04-02	0	2011	4	5
2011-04-03	0	2011	4	6
2011-04-09	0	2011	4	5
2011-04-10	0	2011	4	6
2011-04-11	0	2011	4	0
2011-04-12	0	2011	4	1
2011-04-16	0	2011	4	5
2011-04-17	0	2011	4	6
2011-04-23	0	2011	4	5
2011-04-24	0	2011	4	6
2011-04-30	0	2011	4	5
2011-05-01	0	2011	5	6
2011-05-02	0	2011	5	0
2011-05-03	0	2011	5	1
2011-05-07	0	2011	5	5
2011-05-08	0	2011	5	6
2011-05-14	0	2011	5	5
2011-05-15	0	2011	5	6
2011-05-21	0	2011	5	5
2011-05-22	0	2011	5	6
2011-05-28	0	2011	5	5
2011-05-29	0	2011	5	6
2011-06-04	0	2011	6	5
2011-06-05	0	2011	6	6
2011-06-11	0	2011	6	5
2011-06-12	0	2011	6	6
2011-06-18	0	2011	6	5
2011-06-19	0	2011	6	6
2011-06-25	0	2011	6	5
2011-06-26	0	2011	6	6
2011-07-02	0	2011	7	5
2011-07-03	0	2011	7	6
2011-07-09	0	2011	7	5
2011-07-10	0	2011	7	6
2011-07-16	0	2011	7	5
2011-07-17	0	2011	7	6
2011-07-23	0	2011	7	5
2011-07-24	0	2011	7	6
2011-07-30	0	2011	7	5
2011-07-31	0	2011	7	6
2011-08-06	0	2011	8	5
2011-08-07	0	2011	8	6
2011-08-13	0	2011	8	5
2011-08-14	0	2011	8	6
2011-08-20	0	2011	8	5
2011-08-21	0	2011	8	6
2011-08-27	0	2011	8	5
2011-08-28	0	2011	8	6
2011-09-02	0	2011	9	4
2011-09-03	0	2011	9	5
2011-09-04	0	2011	9	6
2011-09-10	0	2011	9	5
2011-09-11	0	2011	9	6
2011-09-17	0	2011	9	5
2011-09-18	0	2011	9	6
2011-09-24	0	2011	9	5
2011-09-25	0	2011	9	6
2011-10-01	0	2011	10	5
2011-10-02	0	2011	10	6
2011-10-08	0	2011	10	5
2011-10-09	0	2011	10	6
2011-10-15	0	2011	10	5
2011-10-16	0	2011	10	6
2011-10-22	0	2011	10	5
2011-10-23	0	2011	10	6
2011-10-29	0	2011	10	5
2011-10-30	0	2011	10	6
2011-11-05	0	2011	11	5
2011-11-06	0	2011	11	6
2011-11-12	0	2011	11	5
2011-11-13	0	2011	11	6
2011-11-19	0	2011	11	5
2011-11-20	0	2011	11	6
2011-11-26	0	2011	11	5
2011-11-27	0	2011	11	6
2011-12-03	0	2011	12	5
2011-12-04	0	2011	12	6
2011-12-10	0	2011	12	5
2011-12-11	0	2011	12	6
2011-12-17	0	2011	12	5
2011-12-18	0	2011	12	6
2011-12-24	0	2011	12	5
2011-12-25	0	2011	12	6
2011-12-31	0	2011	12	5
2012-01-01	0	2012	1	6
2012-01-02	0	2012	1	0
2012-01-07	0	2012	1	5
2012-01-08	0	2012	1	6
2012-01-14	0	2012	1	5
2012-01-15	0	2012	1	6
2012-01-21	0	2012	1	5
2012-01-22	0	2012	1	6
2012-01-23	0	2012	1	0
2012-01-24	0	2012	1	1
2012-01-25	0	2012	1	2
2012-01-26	0	2012	1	3
2012-01-27	0	2012	1	4
2012-01-28	0	2012	1	5
2012-01-29	0	2012	1	6
2012-02-04	0	2012	2	5
2012-02-05	0	2012	2	6
2012-02-11	0	2012	2	5
2012-02-12	0	2012	2	6
2012-02-18	0	2012	2	5
2012-02-19	0	2012	2	6
2012-02-25	0	2012	2	5
2012-02-26	0	2012	2	6
2012-03-03	0	2012	3	5
2012-03-04	0	2012	3	6
2012-03-10	0	2012	3	5
2012-03-11	0	2012	3	6
2012-03-17	0	2012	3	5
2012-03-18	0	2012	3	6
2012-03-24	0	2012	3	5
2012-03-25	0	2012	3	6
2012-03-31	0	2012	3	5
2012-04-01	0	2012	4	6
2012-04-02	0	2012	4	0
2012-04-07	0	2012	4	5
2012-04-08	0	2012	4	6
2012-04-14	0	2012	4	5
2012-04-15	0	2012	4	6
2012-04-21	0	2012	4	5
2012-04-22	0	2012	4	6
2012-04-28	0	2012	4	5
2012-04-29	0	2012	4	6
2012-04-30	0	2012	4	0
2012-05-01	0	2012	5	1
2012-05-05	0	2012	5	5
2012-05-06	0	2012	5	6
2012-05-12	0	2012	5	5
2012-05-13	0	2012	5	6
2012-05-19	0	2012	5	5
2012-05-20	0	2012	5	6
2012-05-26	0	2012	5	5
2012-05-27	0	2012	5	6
2012-06-02	0	2012	6	5
2012-06-03	0	2012	6	6
2012-06-09	0	2012	6	5
2012-06-10	0	2012	6	6
2012-06-16	0	2012	6	5
2012-06-17	0	2012	6	6
2012-06-23	0	2012	6	5
2012-06-24	0	2012	6	6
2012-06-30	0	2012	6	5
2012-07-01	0	2012	7	6
2012-07-07	0	2012	7	5
2012-07-08	0	2012	7	6
2012-07-14	0	2012	7	5
2012-07-15	0	2012	7	6
2012-07-21	0	2012	7	5
2012-07-22	0	2012	7	6
2012-07-28	0	2012	7	5
2012-07-29	0	2012	7	6
2012-08-04	0	2012	8	5
2012-08-05	0	2012	8	6
2012-08-11	0	2012	8	5
2012-08-12	0	2012	8	6
2012-08-18	0	2012	8	5
2012-08-19	0	2012	8	6
2012-08-25	0	2012	8	5
2012-08-26	0	2012	8	6
2012-09-01	0	2012	9	5
2012-09-02	0	2012	9	6
2012-09-03	0	2012	9	0
2012-09-08	0	2012	9	5
2012-09-09	0	2012	9	6
2012-09-15	0	2012	9	5
2012-09-16	0	2012	9	6
2012-09-22	0	2012	9	5
2012-09-23	0	2012	9	6
2012-09-29	0	2012	9	5
2012-09-30	0	2012	9	6
2012-10-06	0	2012	10	5
2012-10-07	0	2012	10	6
2012-10-13	0	2012	10	5
2012-10-14	0	2012	10	6
2012-10-20	0	2012	10	5
2012-10-21	0	2012	10	6
2012-10-27	0	2012	10	5
2012-10-28	0	2012	10	6
2012-11-03	0	2012	11	5
2012-11-04	0	2012	11	6
2012-11-10	0	2012	11	5
2012-11-11	0	2012	11	6
2012-11-17	0	2012	11	5
2012-11-18	0	2012	11	6
2012-11-24	0	2012	11	5
2012-11-25	0	2012	11	6
2012-12-01	0	2012	12	5
2012-12-02	0	2012	12	6
2012-12-08	0	2012	12	5
2012-12-09	0	2012	12	6
2012-12-15	0	2012	12	5
2012-12-16	0	2012	12	6
2012-12-22	0	2012	12	5
2012-12-23	0	2012	12	6
2012-12-29	0	2012	12	5
2012-12-30	0	2012	12	6
2012-12-31	0	2012	12	0
2013-01-01	0	2013	1	1
2013-01-05	0	2013	1	5
2013-01-06	0	2013	1	6
2013-01-12	0	2013	1	5
2013-01-13	0	2013	1	6
2013-01-19	0	2013	1	5
2013-01-20	0	2013	1	6
2013-01-26	0	2013	1	5
2013-01-27	0	2013	1	6
2013-02-02	0	2013	2	5
2013-02-03	0	2013	2	6
2013-02-09	0	2013	2	5
2013-02-10	0	2013	2	6
2013-02-11	0	2013	2	0
2013-02-12	0	2013	2	1
2013-02-13	0	2013	2	2
2013-02-14	0	2013	2	3
2013-02-15	0	2013	2	4
2013-02-16	0	2013	2	5
2013-02-17	0	2013	2	6
2013-02-23	0	2013	2	5
2013-02-24	0	2013	2	6
2013-03-02	0	2013	3	5
2013-03-03	0	2013	3	6
2013-03-09	0	2013	3	5
2013-03-10	0	2013	3	6
2013-03-16	0	2013	3	5
2013-03-17	0	2013	3	6
2013-03-23	0	2013	3	5
2013-03-24	0	2013	3	6
2013-03-30	0	2013	3	5
2013-03-31	0	2013	3	6
2013-04-06	0	2013	4	5
2013-04-07	0	2013	4	6
2013-04-13	0	2013	4	5
2013-04-14	0	2013	4	6
2013-04-19	0	2013	4	4
2013-04-20	0	2013	4	5
2013-04-21	0	2013	4	6
2013-04-27	0	2013	4	5
2013-04-28	0	2013	4	6
2013-04-29	0	2013	4	0
2013-04-30	0	2013	4	1
2013-05-01	0	2013	5	2
2013-05-04	0	2013	5	5
2013-05-05	0	2013	5	6
2013-05-11	0	2013	5	5
2013-05-12	0	2013	5	6
2013-05-18	0	2013	5	5
2013-05-19	0	2013	5	6
2013-05-25	0	2013	5	5
2013-05-26	0	2013	5	6
2013-06-01	0	2013	6	5
2013-06-02	0	2013	6	6
2013-06-08	0	2013	6	5
2013-06-09	0	2013	6	6
2013-06-15	0	2013	6	5
2013-06-16	0	2013	6	6
2013-06-22	0	2013	6	5
2013-06-23	0	2013	6	6
2013-06-29	0	2013	6	5
2013-06-30	0	2013	6	6
2013-07-06	0	2013	7	5
2013-07-07	0	2013	7	6
2013-07-13	0	2013	7	5
2013-07-14	0	2013	7	6
2013-07-20	0	2013	7	5
2013-07-21	0	2013	7	6
2013-07-27	0	2013	7	5
2013-07-28	0	2013	7	6
2013-08-03	0	2013	8	5
2013-08-04	0	2013	8	6
2013-08-10	0	2013	8	5
2013-08-11	0	2013	8	6
2013-08-17	0	2013	8	5
2013-08-18	0	2013	8	6
2013-08-24	0	2013	8	5
2013-08-25	0	2013	8	6
2013-08-31	0	2013	8	5
2013-09-01	0	2013	9	6
2013-09-02	0	2013	9	0
2013-09-07	0	2013	9	5
2013-09-08	0	2013	9	6
2013-09-14	0	2013	9	5
2013-09-15	0	2013	9	6
2013-09-21	0	2013	9	5
2013-09-22	0	2013	9	6
2013-09-28	0	2013	9	5
2013-09-29	0	2013	9	6
2013-10-05	0	2013	10	5
2013-10-06	0	2013	10	6
2013-10-12	0	2013	10	5
2013-10-13	0	2013	10	6
2013-10-19	0	2013	10	5
2013-10-20	0	2013	10	6
2013-10-26	0	2013	10	5
2013-10-27	0	2013	10	6
2013-11-02	0	2013	11	5
2013-11-03	0	2013	11	6
2013-11-09	0	2013	11	5
2013-11-10	0	2013	11	6
2013-11-16	0	2013	11	5
2013-11-17	0	2013	11	6
2013-11-23	0	2013	11	5
2013-11-24	0	2013	11	6
2013-11-30	0	2013	11	5
2013-12-01	0	2013	12	6
2013-12-07	0	2013	12	5
2013-12-08	0	2013	12	6
2013-12-14	0	2013	12	5
2013-12-15	0	2013	12	6
2013-12-21	0	2013	12	5
2013-12-22	0	2013	12	6
2013-12-28	0	2013	12	5
2013-12-29	0	2013	12	6
2014-01-01	0	2014	1	2
2014-01-04	0	2014	1	5
2014-01-05	0	2014	1	6
2014-01-11	0	2014	1	5
2014-01-12	0	2014	1	6
2014-01-18	0	2014	1	5
2014-01-19	0	2014	1	6
2014-01-25	0	2014	1	5
2014-01-26	0	2014	1	6
2014-01-28	0	2014	1	1
2014-01-29	0	2014	1	2
2014-01-30	0	2014	1	3
2014-01-31	0	2014	1	4
2014-02-01	0	2014	2	5
2014-02-02	0	2014	2	6
2014-02-03	0	2014	2	0
2014-02-04	0	2014	2	1
2014-02-05	0	2014	2	2
2014-02-08	0	2014	2	5
2014-02-09	0	2014	2	6
2014-02-15	0	2014	2	5
2014-02-16	0	2014	2	6
2014-02-22	0	2014	2	5
2014-02-23	0	2014	2	6
2014-03-01	0	2014	3	5
2014-03-02	0	2014	3	6
2014-03-08	0	2014	3	5
2014-03-09	0	2014	3	6
2014-03-15	0	2014	3	5
2014-03-16	0	2014	3	6
2014-03-22	0	2014	3	5
2014-03-23	0	2014	3	6
2014-03-29	0	2014	3	5
2014-03-30	0	2014	3	6
2014-04-05	0	2014	4	5
2014-04-06	0	2014	4	6
2014-04-09	0	2014	4	2
2014-04-12	0	2014	4	5
2014-04-13	0	2014	4	6
2014-04-19	0	2014	4	5
2014-04-20	0	2014	4	6
2014-04-26	0	2014	4	5
2014-04-27	0	2014	4	6
2014-04-30	0	2014	4	2
2014-05-01	0	2014	5	3
2014-05-02	0	2014	5	4
2014-05-03	0	2014	5	5
2014-05-04	0	2014	5	6
2014-05-10	0	2014	5	5
2014-05-11	0	2014	5	6
2014-05-17	0	2014	5	5
2014-05-18	0	2014	5	6
2014-05-24	0	2014	5	5
2014-05-25	0	2014	5	6
2014-05-31	0	2014	5	5
2014-06-01	0	2014	6	6
2014-06-07	0	2014	6	5
2014-06-08	0	2014	6	6
2014-06-14	0	2014	6	5
2014-06-15	0	2014	6	6
2014-06-21	0	2014	6	5
2014-06-22	0	2014	6	6
2014-06-28	0	2014	6	5
2014-06-29	0	2014	6	6
2014-07-05	0	2014	7	5
2014-07-06	0	2014	7	6
2014-07-12	0	2014	7	5
2014-07-13	0	2014	7	6
2014-07-19	0	2014	7	5
2014-07-20	0	2014	7	6
2014-07-26	0	2014	7	5
2014-07-27	0	2014	7	6
2014-08-02	0	2014	8	5
2014-08-03	0	2014	8	6
2014-08-09	0	2014	8	5
2014-08-10	0	2014	8	6
2014-08-16	0	2014	8	5
2014-08-17	0	2014	8	6
2014-08-23	0	2014	8	5
2014-08-24	0	2014	8	6
2014-08-30	0	2014	8	5
2014-08-31	0	2014	8	6
2014-09-01	0	2014	9	0
2014-09-02	0	2014	9	1
2014-09-06	0	2014	9	5
2014-09-07	0	2014	9	6
2014-09-13	0	2014	9	5
2014-09-14	0	2014	9	6
2014-09-20	0	2014	9	5
2014-09-21	0	2014	9	6
2014-09-27	0	2014	9	5
2014-09-28	0	2014	9	6
2014-10-04	0	2014	10	5
2014-10-05	0	2014	10	6
2014-10-11	0	2014	10	5
2014-10-12	0	2014	10	6
2014-10-18	0	2014	10	5
2014-10-19	0	2014	10	6
2014-10-25	0	2014	10	5
2014-10-26	0	2014	10	6
2014-11-01	0	2014	11	5
2014-11-02	0	2014	11	6
2014-11-08	0	2014	11	5
2014-11-09	0	2014	11	6
2014-11-15	0	2014	11	5
2014-11-16	0	2014	11	6
2014-11-22	0	2014	11	5
2014-11-23	0	2014	11	6
2014-11-29	0	2014	11	5
2014-11-30	0	2014	11	6
2014-12-06	0	2014	12	5
2014-12-07	0	2014	12	6
2014-12-13	0	2014	12	5
2014-12-14	0	2014	12	6
2014-12-20	0	2014	12	5
2014-12-21	0	2014	12	6
2014-12-27	0	2014	12	5
2014-12-28	0	2014	12	6
2015-01-01	0	2015	1	3
2015-01-02	0	2015	1	4
2015-01-03	0	2015	1	5
2015-01-04	0	2015	1	6
2015-01-10	0	2015	1	5
2015-01-11	0	2015	1	6
2015-01-17	0	2015	1	5
2015-01-18	0	2015	1	6
2015-01-24	0	2015	1	5
2015-01-25	0	2015	1	6
2015-01-31	0	2015	1	5
2015-02-01	0	2015	2	6
2015-02-07	0	2015	2	5
2015-02-08	0	2015	2	6
2015-02-14	0	2015	2	5
2015-02-15	0	2015	2	6
2015-02-16	0	2015	2	0
2015-02-17	0	2015	2	1
2015-02-18	0	2015	2	2
2015-02-19	0	2015	2	3
2015-02-20	0	2015	2	4
2015-02-21	0	2015	2	5
2015-02-22	0	2015	2	6
2015-02-23	0	2015	2	0
2015-02-28	0	2015	2	5
2015-03-01	0	2015	3	6
2015-03-07	0	2015	3	5
2015-03-08	0	2015	3	6
2015-03-14	0	2015	3	5
2015-03-15	0	2015	3	6
2015-03-21	0	2015	3	5
2015-03-22	0	2015	3	6
2015-03-28	0	2015	3	5
2015-03-29	0	2015	3	6
2015-04-04	0	2015	4	5
2015-04-05	0	2015	4	6
2015-04-11	0	2015	4	5
2015-04-12	0	2015	4	6
2015-04-18	0	2015	4	5
2015-04-19	0	2015	4	6
2015-04-25	0	2015	4	5
2015-04-26	0	2015	4	6
2015-04-28	0	2015	4	1
2015-04-29	0	2015	4	2
2015-04-30	0	2015	4	3
2015-05-01	0	2015	5	4
2015-05-02	0	2015	5	5
2015-05-03	0	2015	5	6
2015-05-09	0	2015	5	5
2015-05-10	0	2015	5	6
2015-05-16	0	2015	5	5
2015-05-17	0	2015	5	6
2015-05-23	0	2015	5	5
2015-05-24	0	2015	5	6
2015-05-30	0	2015	5	5
2015-05-31	0	2015	5	6
2015-06-06	0	2015	6	5
2015-06-07	0	2015	6	6
2015-06-13	0	2015	6	5
2015-06-14	0	2015	6	6
2015-06-20	0	2015	6	5
2015-06-21	0	2015	6	6
2015-06-27	0	2015	6	5
2015-06-28	0	2015	6	6
2015-07-04	0	2015	7	5
2015-07-05	0	2015	7	6
2015-07-11	0	2015	7	5
2015-07-12	0	2015	7	6
2015-07-18	0	2015	7	5
2015-07-19	0	2015	7	6
2015-07-25	0	2015	7	5
2015-07-26	0	2015	7	6
2015-08-01	0	2015	8	5
2015-08-02	0	2015	8	6
2015-08-08	0	2015	8	5
2015-08-09	0	2015	8	6
2015-08-15	0	2015	8	5
2015-08-16	0	2015	8	6
2015-08-22	0	2015	8	5
2015-08-23	0	2015	8	6
2015-08-29	0	2015	8	5
2015-08-30	0	2015	8	6
2015-09-02	0	2015	9	2
2015-09-05	0	2015	9	5
2015-09-06	0	2015	9	6
2015-09-12	0	2015	9	5
2015-09-13	0	2015	9	6
2015-09-19	0	2015	9	5
2015-09-20	0	2015	9	6
2015-09-26	0	2015	9	5
2015-09-27	0	2015	9	6
2015-10-03	0	2015	10	5
2015-10-04	0	2015	10	6
2015-10-10	0	2015	10	5
2015-10-11	0	2015	10	6
2015-10-17	0	2015	10	5
2015-10-18	0	2015	10	6
2015-10-24	0	2015	10	5
2015-10-25	0	2015	10	6
2015-10-31	0	2015	10	5
2015-11-01	0	2015	11	6
2015-11-07	0	2015	11	5
2015-11-08	0	2015	11	6
2015-11-14	0	2015	11	5
2015-11-15	0	2015	11	6
2015-11-21	0	2015	11	5
2015-11-22	0	2015	11	6
2015-11-28	0	2015	11	5
2015-11-29	0	2015	11	6
2015-12-05	0	2015	12	5
2015-12-06	0	2015	12	6
2015-12-12	0	2015	12	5
2015-12-13	0	2015	12	6
2015-12-19	0	2015	12	5
2015-12-20	0	2015	12	6
2015-12-26	0	2015	12	5
2015-12-27	0	2015	12	6
2016-01-01	0	2016	1	4
2016-01-02	0	2016	1	5
2016-01-03	0	2016	1	6
2016-01-09	0	2016	1	5
2016-01-10	0	2016	1	6
2016-01-16	0	2016	1	5
2016-01-17	0	2016	1	6
2016-01-23	0	2016	1	5
2016-01-24	0	2016	1	6
2016-01-30	0	2016	1	5
2016-01-31	0	2016	1	6
2016-02-06	0	2016	2	5
2016-02-07	0	2016	2	6
2016-02-08	0	2016	2	0
2016-02-09	0	2016	2	1
2016-02-10	0	2016	2	2
2016-02-11	0	2016	2	3
2016-02-12	0	2016	2	4
2016-02-13	0	2016	2	5
2016-02-14	0	2016	2	6
2016-02-20	0	2016	2	5
2016-02-21	0	2016	2	6
2016-02-27	0	2016	2	5
2016-02-28	0	2016	2	6
2016-03-05	0	2016	3	5
2016-03-06	0	2016	3	6
2016-03-12	0	2016	3	5
2016-03-13	0	2016	3	6
2016-03-19	0	2016	3	5
2016-03-20	0	2016	3	6
2016-03-26	0	2016	3	5
2016-03-27	0	2016	3	6
2016-04-02	0	2016	4	5
2016-04-03	0	2016	4	6
2016-04-09	0	2016	4	5
2016-04-10	0	2016	4	6
2016-04-16	0	2016	4	5
2016-04-17	0	2016	4	6
2016-04-18	0	2016	4	0
2016-04-23	0	2016	4	5
2016-04-24	0	2016	4	6
2016-04-30	0	2016	4	5
2016-05-01	0	2016	5	6
2016-05-02	0	2016	5	0
2016-05-03	0	2016	5	1
2016-05-07	0	2016	5	5
2016-05-08	0	2016	5	6
2016-05-14	0	2016	5	5
2016-05-15	0	2016	5	6
2016-05-21	0	2016	5	5
2016-05-22	0	2016	5	6
2016-05-28	0	2016	5	5
2016-05-29	0	2016	5	6
2016-06-04	0	2016	6	5
2016-06-05	0	2016	6	6
2016-06-11	0	2016	6	5
2016-06-12	0	2016	6	6
2016-06-18	0	2016	6	5
2016-06-19	0	2016	6	6
2016-06-25	0	2016	6	5
2016-06-26	0	2016	6	6
2016-07-02	0	2016	7	5
2016-07-03	0	2016	7	6
2016-07-09	0	2016	7	5
2016-07-10	0	2016	7	6
2016-07-16	0	2016	7	5
2016-07-17	0	2016	7	6
2016-07-23	0	2016	7	5
2016-07-24	0	2016	7	6
2016-07-30	0	2016	7	5
2016-07-31	0	2016	7	6
2016-08-06	0	2016	8	5
2016-08-07	0	2016	8	6
2016-08-13	0	2016	8	5
2016-08-14	0	2016	8	6
2016-08-20	0	2016	8	5
2016-08-21	0	2016	8	6
2016-08-27	0	2016	8	5
2016-08-28	0	2016	8	6
2016-09-02	0	2016	9	4
2016-09-03	0	2016	9	5
2016-09-04	0	2016	9	6
2016-09-10	0	2016	9	5
2016-09-11	0	2016	9	6
2016-09-17	0	2016	9	5
2016-09-18	0	2016	9	6
2016-09-24	0	2016	9	5
2016-09-25	0	2016	9	6
2016-10-01	0	2016	10	5
2016-10-02	0	2016	10	6
2016-10-08	0	2016	10	5
2016-10-09	0	2016	10	6
2016-10-15	0	2016	10	5
2016-10-16	0	2016	10	6
2016-10-22	0	2016	10	5
2016-10-23	0	2016	10	6
2016-10-29	0	2016	10	5
2016-10-30	0	2016	10	6
2016-11-05	0	2016	11	5
2016-11-06	0	2016	11	6
2016-11-12	0	2016	11	5
2016-11-13	0	2016	11	6
2016-11-19	0	2016	11	5
2016-11-20	0	2016	11	6
2016-11-26	0	2016	11	5
2016-11-27	0	2016	11	6
2016-12-03	0	2016	12	5
2016-12-04	0	2016	12	6
2016-12-10	0	2016	12	5
2016-12-11	0	2016	12	6
2016-12-17	0	2016	12	5
2016-12-18	0	2016	12	6
2016-12-24	0	2016	12	5
2016-12-25	0	2016	12	6
2016-12-31	0	2016	12	5
2017-01-01	0	2017	1	6
2017-01-02	0	2017	1	0
2017-01-07	0	2017	1	5
2017-01-08	0	2017	1	6
2017-01-14	0	2017	1	5
2017-01-15	0	2017	1	6
2017-01-21	0	2017	1	5
2017-01-22	0	2017	1	6
2017-01-26	0	2017	1	3
2017-01-27	0	2017	1	4
2017-01-28	0	2017	1	5
2017-01-29	0	2017	1	6
2017-01-30	0	2017	1	0
2017-01-31	0	2017	1	1
2017-02-01	0	2017	2	2
2017-02-04	0	2017	2	5
2017-02-05	0	2017	2	6
2017-02-11	0	2017	2	5
2017-02-12	0	2017	2	6
2017-02-18	0	2017	2	5
2017-02-19	0	2017	2	6
2017-02-25	0	2017	2	5
2017-02-26	0	2017	2	6
2017-03-04	0	2017	3	5
2017-03-05	0	2017	3	6
2017-03-11	0	2017	3	5
2017-03-12	0	2017	3	6
2017-03-18	0	2017	3	5
2017-03-19	0	2017	3	6
2017-03-25	0	2017	3	5
2017-03-26	0	2017	3	6
2017-04-01	0	2017	4	5
2017-04-02	0	2017	4	6
2017-04-06	0	2017	4	3
2017-04-08	0	2017	4	5
2017-04-09	0	2017	4	6
2017-04-15	0	2017	4	5
2017-04-16	0	2017	4	6
2017-04-22	0	2017	4	5
2017-04-23	0	2017	4	6
2017-04-29	0	2017	4	5
2017-04-30	0	2017	4	6
2017-05-01	0	2017	5	0
2017-05-02	0	2017	5	1
2017-05-06	0	2017	5	5
2017-05-07	0	2017	5	6
2017-05-13	0	2017	5	5
2017-05-14	0	2017	5	6
2017-05-20	0	2017	5	5
2017-05-21	0	2017	5	6
2017-05-27	0	2017	5	5
2017-05-28	0	2017	5	6
2017-06-03	0	2017	6	5
2017-06-04	0	2017	6	6
2017-06-10	0	2017	6	5
2017-06-11	0	2017	6	6
2017-06-17	0	2017	6	5
2017-06-18	0	2017	6	6
2017-06-24	0	2017	6	5
2017-06-25	0	2017	6	6
2017-07-01	0	2017	7	5
2017-07-02	0	2017	7	6
2017-07-08	0	2017	7	5
2017-07-09	0	2017	7	6
2017-07-15	0	2017	7	5
2017-07-16	0	2017	7	6
2017-07-22	0	2017	7	5
2017-07-23	0	2017	7	6
2017-07-29	0	2017	7	5
2017-07-30	0	2017	7	6
2017-08-05	0	2017	8	5
2017-08-06	0	2017	8	6
2017-08-12	0	2017	8	5
2017-08-13	0	2017	8	6
2017-08-19	0	2017	8	5
2017-08-20	0	2017	8	6
2017-08-26	0	2017	8	5
2017-08-27	0	2017	8	6
2017-09-02	0	2017	9	5
2017-09-03	0	2017	9	6
2017-09-04	0	2017	9	0
2017-09-09	0	2017	9	5
2017-09-10	0	2017	9	6
2017-09-16	0	2017	9	5
2017-09-17	0	2017	9	6
2017-09-23	0	2017	9	5
2017-09-24	0	2017	9	6
2017-09-30	0	2017	9	5
2017-10-01	0	2017	10	6
2017-10-07	0	2017	10	5
2017-10-08	0	2017	10	6
2017-10-14	0	2017	10	5
2017-10-15	0	2017	10	6
2017-10-21	0	2017	10	5
2017-10-22	0	2017	10	6
2017-10-28	0	2017	10	5
2017-10-29	0	2017	10	6
2017-11-04	0	2017	11	5
2017-11-05	0	2017	11	6
2017-11-11	0	2017	11	5
2017-11-12	0	2017	11	6
2017-11-18	0	2017	11	5
2017-11-19	0	2017	11	6
2017-11-25	0	2017	11	5
2017-11-26	0	2017	11	6
2017-12-02	0	2017	12	5
2017-12-03	0	2017	12	6
2017-12-09	0	2017	12	5
2017-12-10	0	2017	12	6
2017-12-16	0	2017	12	5
2017-12-17	0	2017	12	6
2017-12-23	0	2017	12	5
2017-12-24	0	2017	12	6
2017-12-30	0	2017	12	5
2017-12-31	0	2017	12	6
2018-01-01	0	2018	1	0
2018-01-06	0	2018	1	5
2018-01-07	0	2018	1	6
2018-01-13	0	2018	1	5
2018-01-14	0	2018	1	6
2018-01-20	0	2018	1	5
2018-01-21	0	2018	1	6
2018-01-27	0	2018	1	5
2018-01-28	0	2018	1	6
2018-02-03	0	2018	2	5
2018-02-04	0	2018	2	6
2018-02-10	0	2018	2	5
2018-02-11	0	2018	2	6
2018-02-14	0	2018	2	2
2018-02-15	0	2018	2	3
2018-02-16	0	2018	2	4
2018-02-17	0	2018	2	5
2018-02-18	0	2018	2	6
2018-02-19	0	2018	2	0
2018-02-20	0	2018	2	1
2018-02-24	0	2018	2	5
2018-02-25	0	2018	2	6
2018-03-03	0	2018	3	5
2018-03-04	0	2018	3	6
2018-03-10	0	2018	3	5
2018-03-11	0	2018	3	6
2018-03-17	0	2018	3	5
2018-03-18	0	2018	3	6
2018-03-24	0	2018	3	5
2018-03-25	0	2018	3	6
2018-03-31	0	2018	3	5
2018-04-01	0	2018	4	6
2018-04-07	0	2018	4	5
2018-04-08	0	2018	4	6
2018-04-14	0	2018	4	5
2018-04-15	0	2018	4	6
2018-04-21	0	2018	4	5
2018-04-22	0	2018	4	6
2018-04-25	0	2018	4	2
2018-04-28	0	2018	4	5
2018-04-29	0	2018	4	6
2018-04-30	0	2018	4	0
2018-05-01	0	2018	5	1
2018-05-05	0	2018	5	5
2018-05-06	0	2018	5	6
2018-05-12	0	2018	5	5
2018-05-13	0	2018	5	6
2018-05-19	0	2018	5	5
2018-05-20	0	2018	5	6
2018-05-26	0	2018	5	5
2018-05-27	0	2018	5	6
2018-06-02	0	2018	6	5
2018-06-03	0	2018	6	6
2018-06-09	0	2018	6	5
2018-06-10	0	2018	6	6
2018-06-16	0	2018	6	5
2018-06-17	0	2018	6	6
2018-06-23	0	2018	6	5
2018-06-24	0	2018	6	6
2018-06-30	0	2018	6	5
2018-07-01	0	2018	7	6
2018-07-07	0	2018	7	5
2018-07-08	0	2018	7	6
2018-07-14	0	2018	7	5
2018-07-15	0	2018	7	6
2018-07-21	0	2018	7	5
2018-07-22	0	2018	7	6
2018-07-28	0	2018	7	5
2018-07-29	0	2018	7	6
2018-08-04	0	2018	8	5
2018-08-05	0	2018	8	6
2018-08-11	0	2018	8	5
2018-08-12	0	2018	8	6
2018-08-18	0	2018	8	5
2018-08-19	0	2018	8	6
2018-08-25	0	2018	8	5
2018-08-26	0	2018	8	6
2018-09-01	0	2018	9	5
2018-09-02	0	2018	9	6
2018-09-03	0	2018	9	0
2018-09-08	0	2018	9	5
2018-09-09	0	2018	9	6
2018-09-15	0	2018	9	5
2018-09-16	0	2018	9	6
2018-09-22	0	2018	9	5
2018-09-23	0	2018	9	6
2018-09-29	0	2018	9	5
2018-09-30	0	2018	9	6
2018-10-06	0	2018	10	5
2018-10-07	0	2018	10	6
2018-10-13	0	2018	10	5
2018-10-14	0	2018	10	6
2018-10-20	0	2018	10	5
2018-10-21	0	2018	10	6
2018-10-27	0	2018	10	5
2018-10-28	0	2018	10	6
2018-11-03	0	2018	11	5
2018-11-04	0	2018	11	6
2018-11-10	0	2018	11	5
2018-11-11	0	2018	11	6
2018-11-17	0	2018	11	5
2018-11-18	0	2018	11	6
2018-11-24	0	2018	11	5
2018-11-25	0	2018	11	6
2018-12-01	0	2018	12	5
2018-12-02	0	2018	12	6
2018-12-08	0	2018	12	5
2018-12-09	0	2018	12	6
2018-12-15	0	2018	12	5
2018-12-16	0	2018	12	6
2018-12-22	0	2018	12	5
2018-12-23	0	2018	12	6
2018-12-29	0	2018	12	5
2018-12-30	0	2018	12	6
2018-12-31	0	2018	12	0
2019-01-01	0	2019	1	1
2019-01-05	0	2019	1	5
2019-01-06	0	2019	1	6
2019-01-12	0	2019	1	5
2019-01-13	0	2019	1	6
2019-01-19	0	2019	1	5
2019-01-20	0	2019	1	6
2019-01-26	0	2019	1	5
2019-01-27	0	2019	1	6
2019-02-02	0	2019	2	5
2019-02-03	0	2019	2	6
2019-02-04	0	2019	2	0
2019-02-05	0	2019	2	1
2019-02-06	0	2019	2	2
2019-02-07	0	2019	2	3
2019-02-08	0	2019	2	4
2019-02-09	0	2019	2	5
2019-02-10	0	2019	2	6
2019-02-16	0	2019	2	5
2019-02-17	0	2019	2	6
2019-02-23	0	2019	2	5
2019-02-24	0	2019	2	6
2019-03-02	0	2019	3	5
2019-03-03	0	2019	3	6
2019-03-09	0	2019	3	5
2019-03-10	0	2019	3	6
2019-03-16	0	2019	3	5
2019-03-17	0	2019	3	6
2019-03-23	0	2019	3	5
2019-03-24	0	2019	3	6
2019-03-30	0	2019	3	5
2019-03-31	0	2019	3	6
2019-04-06	0	2019	4	5
2019-04-07	0	2019	4	6
2019-04-13	0	2019	4	5
2019-04-14	0	2019	4	6
2019-04-15	0	2019	4	0
2019-04-20	0	2019	4	5
2019-04-21	0	2019	4	6
2019-04-27	0	2019	4	5
2019-04-28	0	2019	4	6
2019-04-29	0	2019	4	0
2019-04-30	0	2019	4	1
2019-05-01	0	2019	5	2
2019-05-04	0	2019	5	5
2019-05-05	0	2019	5	6
2019-05-11	0	2019	5	5
2019-05-12	0	2019	5	6
2019-05-18	0	2019	5	5
2019-05-19	0	2019	5	6
2019-05-25	0	2019	5	5
2019-05-26	0	2019	5	6
2019-06-01	0	2019	6	5
2019-06-02	0	2019	6	6
2019-06-08	0	2019	6	5
2019-06-09	0	2019	6	6
2019-06-15	0	2019	6	5
2019-06-16	0	2019	6	6
2019-06-22	0	2019	6	5
2019-06-23	0	2019	6	6
2019-06-29	0	2019	6	5
2019-06-30	0	2019	6	6
2019-07-06	0	2019	7	5
2019-07-07	0	2019	7	6
2019-07-13	0	2019	7	5
2019-07-14	0	2019	7	6
2019-07-20	0	2019	7	5
2019-07-21	0	2019	7	6
2019-07-27	0	2019	7	5
2019-07-28	0	2019	7	6
2019-08-03	0	2019	8	5
2019-08-04	0	2019	8	6
2019-08-10	0	2019	8	5
2019-08-11	0	2019	8	6
2019-08-17	0	2019	8	5
2019-08-18	0	2019	8	6
2019-08-24	0	2019	8	5
2019-08-25	0	2019	8	6
2019-08-31	0	2019	8	5
2019-09-01	0	2019	9	6
2019-09-02	0	2019	9	0
2019-09-07	0	2019	9	5
2019-09-08	0	2019	9	6
2019-09-14	0	2019	9	5
2019-09-15	0	2019	9	6
2019-09-21	0	2019	9	5
2019-09-22	0	2019	9	6
2019-09-28	0	2019	9	5
2019-09-29	0	2019	9	6
2019-10-05	0	2019	10	5
2019-10-06	0	2019	10	6
2019-10-12	0	2019	10	5
2019-10-13	0	2019	10	6
2019-10-19	0	2019	10	5
2019-10-20	0	2019	10	6
2019-10-26	0	2019	10	5
2019-10-27	0	2019	10	6
2019-11-02	0	2019	11	5
2019-11-03	0	2019	11	6
2019-11-09	0	2019	11	5
2019-11-10	0	2019	11	6
2019-11-16	0	2019	11	5
2019-11-17	0	2019	11	6
2019-11-23	0	2019	11	5
2019-11-24	0	2019	11	6
2019-11-30	0	2019	11	5
2019-12-01	0	2019	12	6
2019-12-07	0	2019	12	5
2019-12-08	0	2019	12	6
2019-12-14	0	2019	12	5
2019-12-15	0	2019	12	6
2019-12-21	0	2019	12	5
2019-12-22	0	2019	12	6
2019-12-28	0	2019	12	5
2019-12-29	0	2019	12	6
2020-01-01	0	2020	1	2
2020-01-04	0	2020	1	5
2020-01-05	0	2020	1	6
2020-01-11	0	2020	1	5
2020-01-12	0	2020	1	6
2020-01-18	0	2020	1	5
2020-01-19	0	2020	1	6
2020-01-23	0	2020	1	3
2020-01-24	0	2020	1	4
2020-01-25	0	2020	1	5
2020-01-26	0	2020	1	6
2020-01-27	0	2020	1	0
2020-01-28	0	2020	1	1
2020-01-29	0	2020	1	2
2020-02-01	0	2020	2	5
2020-02-02	0	2020	2	6
2020-02-08	0	2020	2	5
2020-02-09	0	2020	2	6
2020-02-15	0	2020	2	5
2020-02-16	0	2020	2	6
2020-02-22	0	2020	2	5
2020-02-23	0	2020	2	6
2020-02-29	0	2020	2	5
2020-03-01	0	2020	3	6
2020-03-07	0	2020	3	5
2020-03-08	0	2020	3	6
2020-03-14	0	2020	3	5
2020-03-15	0	2020	3	6
2020-03-21	0	2020	3	5
2020-03-22	0	2020	3	6
2020-03-28	0	2020	3	5
2020-03-29	0	2020	3	6
2020-04-02	0	2020	4	3
2020-04-04	0	2020	4	5
2020-04-05	0	2020	4	6
2020-04-11	0	2020	4	5
2020-04-12	0	2020	4	6
2020-04-18	0	2020	4	5
2020-04-19	0	2020	4	6
2020-04-25	0	2020	4	5
2020-04-26	0	2020	4	6
2020-04-30	0	2020	4	3
2020-05-01	0	2020	5	4
2020-05-02	0	2020	5	5
2020-05-03	0	2020	5	6
2020-05-09	0	2020	5	5
2020-05-10	0	2020	5	6
2020-05-16	0	2020	5	5
2020-05-17	0	2020	5	6
2020-05-23	0	2020	5	5
2020-05-24	0	2020	5	6
2020-05-30	0	2020	5	5
2020-05-31	0	2020	5	6
2020-06-06	0	2020	6	5
2020-06-07	0	2020	6	6
2020-06-13	0	2020	6	5
2020-06-14	0	2020	6	6
2020-06-20	0	2020	6	5
2020-06-21	0	2020	6	6
2020-06-27	0	2020	6	5
2020-06-28	0	2020	6	6
2020-07-04	0	2020	7	5
2020-07-05	0	2020	7	6
2020-07-11	0	2020	7	5
2020-07-12	0	2020	7	6
2020-07-18	0	2020	7	5
2020-07-19	0	2020	7	6
2020-07-25	0	2020	7	5
2020-07-26	0	2020	7	6
2020-08-01	0	2020	8	5
2020-08-02	0	2020	8	6
2020-08-08	0	2020	8	5
2020-08-09	0	2020	8	6
2020-08-15	0	2020	8	5
2020-08-16	0	2020	8	6
2020-08-22	0	2020	8	5
2020-08-23	0	2020	8	6
2020-08-29	0	2020	8	5
2020-08-30	0	2020	8	6
2020-09-02	0	2020	9	2
2020-09-05	0	2020	9	5
2020-09-06	0	2020	9	6
2020-09-12	0	2020	9	5
2020-09-13	0	2020	9	6
2020-09-19	0	2020	9	5
2020-09-20	0	2020	9	6
2020-09-26	0	2020	9	5
2020-09-27	0	2020	9	6
2020-10-03	0	2020	10	5
2020-10-04	0	2020	10	6
2020-10-10	0	2020	10	5
2020-10-11	0	2020	10	6
2020-10-17	0	2020	10	5
2020-10-18	0	2020	10	6
2020-10-24	0	2020	10	5
2020-10-25	0	2020	10	6
2020-10-31	0	2020	10	5
2020-11-01	0	2020	11	6
2020-11-07	0	2020	11	5
2020-11-08	0	2020	11	6
2020-11-14	0	2020	11	5
2020-11-15	0	2020	11	6
2020-11-21	0	2020	11	5
2020-11-22	0	2020	11	6
2020-11-28	0	2020	11	5
2020-11-29	0	2020	11	6
2020-12-05	0	2020	12	5
2020-12-06	0	2020	12	6
2020-12-12	0	2020	12	5
2020-12-13	0	2020	12	6
2020-12-19	0	2020	12	5
2020-12-20	0	2020	12	6
2020-12-26	0	2020	12	5
2020-12-27	0	2020	12	6
2021-01-01	0	2021	1	4
2021-01-02	0	2021	1	5
2021-01-03	0	2021	1	6
2021-01-09	0	2021	1	5
2021-01-10	0	2021	1	6
2021-01-16	0	2021	1	5
2021-01-17	0	2021	1	6
2021-01-23	0	2021	1	5
2021-01-24	0	2021	1	6
2021-01-30	0	2021	1	5
2021-01-31	0	2021	1	6
2021-02-06	0	2021	2	5
2021-02-07	0	2021	2	6
2021-02-10	0	2021	2	2
2021-02-11	0	2021	2	3
2021-02-12	0	2021	2	4
2021-02-13	0	2021	2	5
2021-02-14	0	2021	2	6
2021-02-15	0	2021	2	0
2021-02-16	0	2021	2	1
2021-02-20	0	2021	2	5
2021-02-21	0	2021	2	6
2021-02-27	0	2021	2	5
2021-02-28	0	2021	2	6
2021-03-06	0	2021	3	5
2021-03-07	0	2021	3	6
2021-03-13	0	2021	3	5
2021-03-14	0	2021	3	6
2021-03-20	0	2021	3	5
2021-03-21	0	2021	3	6
2021-03-27	0	2021	3	5
2021-03-28	0	2021	3	6
2021-04-03	0	2021	4	5
2021-04-04	0	2021	4	6
2021-04-10	0	2021	4	5
2021-04-11	0	2021	4	6
2021-04-17	0	2021	4	5
2021-04-18	0	2021	4	6
2021-04-21	0	2021	4	2
2021-04-24	0	2021	4	5
2021-04-25	0	2021	4	6
2021-04-30	0	2021	4	4
2021-05-01	0	2021	5	5
2021-05-02	0	2021	5	6
2021-05-03	0	2021	5	0
2021-05-08	0	2021	5	5
2021-05-09	0	2021	5	6
2021-05-15	0	2021	5	5
2021-05-16	0	2021	5	6
2021-05-22	0	2021	5	5
2021-05-23	0	2021	5	6
2021-05-29	0	2021	5	5
2021-05-30	0	2021	5	6
2021-06-05	0	2021	6	5
2021-06-06	0	2021	6	6
2021-06-12	0	2021	6	5
2021-06-13	0	2021	6	6
2021-06-19	0	2021	6	5
2021-06-20	0	2021	6	6
2021-06-26	0	2021	6	5
2021-06-27	0	2021	6	6
2021-07-03	0	2021	7	5
2021-07-04	0	2021	7	6
2021-07-10	0	2021	7	5
2021-07-11	0	2021	7	6
2021-07-17	0	2021	7	5
2021-07-18	0	2021	7	6
2021-07-24	0	2021	7	5
2021-07-25	0	2021	7	6
2021-07-31	0	2021	7	5
2021-08-01	0	2021	8	6
2021-08-07	0	2021	8	5
2021-08-08	0	2021	8	6
2021-08-14	0	2021	8	5
2021-08-15	0	2021	8	6
2021-08-21	0	2021	8	5
2021-08-22	0	2021	8	6
2021-08-28	0	2021	8	5
2021-08-29	0	2021	8	6
2021-09-02	0	2021	9	3
2021-09-03	0	2021	9	4
2021-09-04	0	2021	9	5
2021-09-05	0	2021	9	6
2021-09-11	0	2021	9	5
2021-09-12	0	2021	9	6
2021-09-18	0	2021	9	5
2021-09-19	0	2021	9	6
2021-09-25	0	2021	9	5
2021-09-26	0	2021	9	6
2021-10-02	0	2021	10	5
2021-10-03	0	2021	10	6
2021-10-09	0	2021	10	5
2021-10-10	0	2021	10	6
2021-10-16	0	2021	10	5
2021-10-17	0	2021	10	6
2021-10-23	0	2021	10	5
2021-10-24	0	2021	10	6
2021-10-30	0	2021	10	5
2021-10-31	0	2021	10	6
2021-11-06	0	2021	11	5
2021-11-07	0	2021	11	6
2021-11-13	0	2021	11	5
2021-11-14	0	2021	11	6
2021-11-20	0	2021	11	5
2021-11-21	0	2021	11	6
2021-11-27	0	2021	11	5
2021-11-28	0	2021	11	6
2021-12-04	0	2021	12	5
2021-12-05	0	2021	12	6
2021-12-11	0	2021	12	5
2021-12-12	0	2021	12	6
2021-12-18	0	2021	12	5
2021-12-19	0	2021	12	6
2021-12-25	0	2021	12	5
2021-12-26	0	2021	12	6
2022-01-01	0	2022	1	5
2022-01-02	0	2022	1	6
2022-01-03	0	2022	1	0
2022-01-08	0	2022	1	5
2022-01-09	0	2022	1	6
2022-01-15	0	2022	1	5
2022-01-16	0	2022	1	6
2022-01-22	0	2022	1	5
2022-01-23	0	2022	1	6
2022-01-29	0	2022	1	5
2022-01-30	0	2022	1	6
2022-01-31	0	2022	1	0
2022-02-01	0	2022	2	1
2022-02-02	0	2022	2	2
2022-02-03	0	2022	2	3
2022-02-04	0	2022	2	4
2022-02-05	0	2022	2	5
2022-02-06	0	2022	2	6
2022-02-12	0	2022	2	5
2022-02-13	0	2022	2	6
2022-02-19	0	2022	2	5
2022-02-20	0	2022	2	6
2022-02-26	0	2022	2	5
2022-02-27	0	2022	2	6
2022-03-05	0	2022	3	5
2022-03-06	0	2022	3	6
2022-03-12	0	2022	3	5
2022-03-13	0	2022	3	6
2022-03-19	0	2022	3	5
2022-03-20	0	2022	3	6
2022-03-26	0	2022	3	5
2022-03-27	0	2022	3	6
2022-04-02	0	2022	4	5
2022-04-03	0	2022	4	6
2022-04-09	0	2022	4	5
2022-04-10	0	2022	4	6
2022-04-11	0	2022	4	0
2022-04-16	0	2022	4	5
2022-04-17	0	2022	4	6
2022-04-23	0	2022	4	5
2022-04-24	0	2022	4	6
2022-04-30	0	2022	4	5
2022-05-01	0	2022	5	6
2022-05-02	0	2022	5	0
2022-05-03	0	2022	5	1
2022-05-07	0	2022	5	5
2022-05-08	0	2022	5	6
2022-05-14	0	2022	5	5
2022-05-15	0	2022	5	6
2022-05-21	0	2022	5	5
2022-05-22	0	2022	5	6
2022-05-28	0	2022	5	5
2022-05-29	0	2022	5	6
2022-06-04	0	2022	6	5
2022-06-05	0	2022	6	6
2022-06-11	0	2022	6	5
2022-06-12	0	2022	6	6
2022-06-18	0	2022	6	5
2022-06-19	0	2022	6	6
2022-06-25	0	2022	6	5
2022-06-26	0	2022	6	6
2022-07-02	0	2022	7	5
2022-07-03	0	2022	7	6
2022-07-09	0	2022	7	5
2022-07-10	0	2022	7	6
2022-07-16	0	2022	7	5
2022-07-17	0	2022	7	6
2022-07-23	0	2022	7	5
2022-07-24	0	2022	7	6
2022-07-30	0	2022	7	5
2022-07-31	0	2022	7	6
2022-08-06	0	2022	8	5
2022-08-07	0	2022	8	6
2022-08-13	0	2022	8	5
2022-08-14	0	2022	8	6
2022-08-20	0	2022	8	5
2022-08-21	0	2022	8	6
2022-08-27	0	2022	8	5
2022-08-28	0	2022	8	6
2022-09-01	0	2022	9	3
2022-09-02	0	2022	9	4
2022-09-03	0	2022	9	5
2022-09-04	0	2022	9	6
2022-09-10	0	2022	9	5
2022-09-11	0	2022	9	6
2022-09-17	0	2022	9	5
2022-09-18	0	2022	9	6
2022-09-24	0	2022	9	5
2022-09-25	0	2022	9	6
2022-10-01	0	2022	10	5
2022-10-02	0	2022	10	6
2022-10-08	0	2022	10	5
2022-10-09	0	2022	10	6
2022-10-15	0	2022	10	5
2022-10-16	0	2022	10	6
2022-10-22	0	2022	10	5
2022-10-23	0	2022	10	6
2022-10-29	0	2022	10	5
2022-10-30	0	2022	10	6
2022-11-05	0	2022	11	5
2022-11-06	0	2022	11	6
2022-11-12	0	2022	11	5
2022-11-13	0	2022	11	6
2022-11-19	0	2022	11	5
2022-11-20	0	2022	11	6
2022-11-26	0	2022	11	5
2022-11-27	0	2022	11	6
2022-12-03	0	2022	12	5
2022-12-04	0	2022	12	6
2022-12-10	0	2022	12	5
2022-12-11	0	2022	12	6
2022-12-17	0	2022	12	5
2022-12-18	0	2022	12	6
2022-12-24	0	2022	12	5
2022-12-25	0	2022	12	6
2022-12-31	0	2022	12	5
2023-01-01	0	2023	1	6
2023-01-02	0	2023	1	0
2023-01-07	0	2023	1	5
2023-01-08	0	2023	1	6
2023-01-14	0	2023	1	5
2023-01-15	0	2023	1	6
2023-01-20	0	2023	1	4
2023-01-21	0	2023	1	5
2023-01-22	0	2023	1	6
2023-01-23	0	2023	1	0
2023-01-24	0	2023	1	1
2023-01-25	0	2023	1	2
2023-01-26	0	2023	1	3
2023-01-28	0	2023	1	5
2023-01-29	0	2023	1	6
2023-02-04	0	2023	2	5
2023-02-05	0	2023	2	6
2023-02-11	0	2023	2	5
2023-02-12	0	2023	2	6
2023-02-18	0	2023	2	5
2023-02-19	0	2023	2	6
2023-02-25	0	2023	2	5
2023-02-26	0	2023	2	6
2023-03-04	0	2023	3	5
2023-03-05	0	2023	3	6
2023-03-11	0	2023	3	5
2023-03-12	0	2023	3	6
2023-03-18	0	2023	3	5
2023-03-19	0	2023	3	6
2023-03-25	0	2023	3	5
2023-03-26	0	2023	3	6
2023-04-01	0	2023	4	5
2023-04-02	0	2023	4	6
2023-04-08	0	2023	4	5
2023-04-09	0	2023	4	6
2023-04-15	0	2023	4	5
2023-04-16	0	2023	4	6
2023-04-22	0	2023	4	5
2023-04-23	0	2023	4	6
2023-04-29	0	2023	4	5
2023-04-30	0	2023	4	6
2023-05-01	0	2023	5	0
2023-05-02	0	2023	5	1
2023-05-03	0	2023	5	2
2023-05-06	0	2023	5	5
2023-05-07	0	2023	5	6
2023-05-13	0	2023	5	5
2023-05-14	0	2023	5	6
2023-05-20	0	2023	5	5
2023-05-21	0	2023	5	6
2023-05-27	0	2023	5	5
2023-05-28	0	2023	5	6
2023-06-03	0	2023	6	5
2023-06-04	0	2023	6	6
2023-06-10	0	2023	6	5
2023-06-11	0	2023	6	6
2023-06-17	0	2023	6	5
2023-06-18	0	2023	6	6
2023-06-24	0	2023	6	5
2023-06-25	0	2023	6	6
2023-07-01	0	2023	7	5
2023-07-02	0	2023	7	6
2023-07-08	0	2023	7	5
2023-07-09	0	2023	7	6
2023-07-15	0	2023	7	5
2023-07-16	0	2023	7	6
2023-07-22	0	2023	7	5
2023-07-23	0	2023	7	6
2023-07-29	0	2023	7	5
2023-07-30	0	2023	7	6
2023-08-05	0	2023	8	5
2023-08-06	0	2023	8	6
2023-08-12	0	2023	8	5
2023-08-13	0	2023	8	6
2023-08-19	0	2023	8	5
2023-08-20	0	2023	8	6
2023-08-26	0	2023	8	5
2023-08-27	0	2023	8	6
2023-09-01	0	2023	9	4
2023-09-02	0	2023	9	5
2023-09-03	0	2023	9	6
2023-09-04	0	2023	9	0
2023-09-09	0	2023	9	5
2023-09-10	0	2023	9	6
2023-09-16	0	2023	9	5
2023-09-17	0	2023	9	6
2023-09-23	0	2023	9	5
2023-09-24	0	2023	9	6
2023-09-30	0	2023	9	5
2023-10-01	0	2023	10	6
2023-10-07	0	2023	10	5
2023-10-08	0	2023	10	6
2023-10-14	0	2023	10	5
2023-10-15	0	2023	10	6
2023-10-21	0	2023	10	5
2023-10-22	0	2023	10	6
2023-10-28	0	2023	10	5
2023-10-29	0	2023	10	6
2023-11-04	0	2023	11	5
2023-11-05	0	2023	11	6
2023-11-11	0	2023	11	5
2023-11-12	0	2023	11	6
2023-11-18	0	2023	11	5
2023-11-19	0	2023	11	6
2023-11-25	0	2023	11	5
2023-11-26	0	2023	11	6
2023-12-02	0	2023	12	5
2023-12-03	0	2023	12	6
2023-12-09	0	2023	12	5
2023-12-10	0	2023	12	6
2023-12-16	0	2023	12	5
2023-12-17	0	2023	12	6
2023-12-23	0	2023	12	5
2023-12-24	0	2023	12	6
2023-12-30	0	2023	12	5
2023-12-31	0	2023	12	6
2024-01-01	0	2024	1	0
2024-01-06	0	2024	1	5
2024-01-07	0	2024	1	6
2024-01-13	0	2024	1	5
2024-01-14	0	2024	1	6
2024-01-20	0	2024	1	5
2024-01-21	0	2024	1	6
2024-01-27	0	2024	1	5
2024-01-28	0	2024	1	6
2024-02-03	0	2024	2	5
2024-02-04	0	2024	2	6
2024-02-08	0	2024	2	3
2024-02-09	0	2024	2	4
2024-02-10	0	2024	2	5
2024-02-11	0	2024	2	6
2024-02-12	0	2024	2	0
2024-02-13	0	2024	2	1
2024-02-14	0	2024	2	2
2024-02-17	0	2024	2	5
2024-02-18	0	2024	2	6
2024-02-24	0	2024	2	5
2024-02-25	0	2024	2	6
2024-03-02	0	2024	3	5
2024-03-03	0	2024	3	6
2024-03-09	0	2024	3	5
2024-03-10	0	2024	3	6
2024-03-16	0	2024	3	5
2024-03-17	0	2024	3	6
2024-03-23	0	2024	3	5
2024-03-24	0	2024	3	6
2024-03-30	0	2024	3	5
2024-03-31	0	2024	3	6
2024-04-06	0	2024	4	5
2024-04-07	0	2024	4	6
2024-04-13	0	2024	4	5
2024-04-14	0	2024	4	6
2024-04-18	0	2024	4	3
2024-04-20	0	2024	4	5
2024-04-21	0	2024	4	6
2024-04-27	0	2024	4	5
2024-04-28	0	2024	4	6
2024-04-29	0	2024	4	0
2024-04-30	0	2024	4	1
2024-05-01	0	2024	5	2
2024-05-04	0	2024	5	5
2024-05-05	0	2024	5	6
2024-05-11	0	2024	5	5
2024-05-12	0	2024	5	6
2024-05-18	0	2024	5	5
2024-05-19	0	2024	5	6
2024-05-25	0	2024	5	5
2024-05-26	0	2024	5	6
2024-06-01	0	2024	6	5
2024-06-02	0	2024	6	6
2024-06-08	0	2024	6	5
2024-06-09	0	2024	6	6
2024-06-15	0	2024	6	5
2024-06-16	0	2024	6	6
2024-06-22	0	2024	6	5
2024-06-23	0	2024	6	6
2024-06-29	0	2024	6	5
2024-06-30	0	2024	6	6
2024-07-06	0	2024	7	5
2024-07-07	0	2024	7	6
2024-07-13	0	2024	7	5
2024-07-14	0	2024	7	6
2024-07-20	0	2024	7	5
2024-07-21	0	2024	7	6
2024-07-27	0	2024	7	5
2024-07-28	0	2024	7	6
2024-08-03	0	2024	8	5
2024-08-04	0	2024	8	6
2024-08-10	0	2024	8	5
2024-08-11	0	2024	8	6
2024-08-17	0	2024	8	5
2024-08-18	0	2024	8	6
2024-08-24	0	2024	8	5
2024-08-25	0	2024	8	6
2024-08-31	0	2024	8	5
2024-09-01	0	2024	9	6
2024-09-02	0	2024	9	0
2024-09-03	0	2024	9	1
2024-09-07	0	2024	9	5
2024-09-08	0	2024	9	6
2024-09-14	0	2024	9	5
2024-09-15	0	2024	9	6
2024-09-21	0	2024	9	5
2024-09-22	0	2024	9	6
2024-09-28	0	2024	9	5
2024-09-29	0	2024	9	6
2024-10-05	0	2024	10	5
2024-10-06	0	2024	10	6
2024-10-12	0	2024	10	5
2024-10-13	0	2024	10	6
2024-10-19	0	2024	10	5
2024-10-20	0	2024	10	6
2024-10-26	0	2024	10	5
2024-10-27	0	2024	10	6
2024-11-02	0	2024	11	5
2024-11-03	0	2024	11	6
2024-11-09	0	2024	11	5
2024-11-10	0	2024	11	6
2024-11-16	0	2024	11	5
2024-11-17	0	2024	11	6
2024-11-23	0	2024	11	5
2024-11-24	0	2024	11	6
2024-11-30	0	2024	11	5
2024-12-01	0	2024	12	6
2024-12-07	0	2024	12	5
2024-12-08	0	2024	12	6
2024-12-14	0	2024	12	5
2024-12-15	0	2024	12	6
2024-12-21	0	2024	12	5
2024-12-22	0	2024	12	6
2024-12-28	0	2024	12	5
2024-12-29	0	2024	12	6
2025-01-01	0	2025	1	2
2025-01-04	0	2025	1	5
2025-01-05	0	2025	1	6
2025-01-11	0	2025	1	5
2025-01-12	0	2025	1	6
2025-01-18	0	2025	1	5
2025-01-19	0	2025	1	6
2025-01-25	0	2025	1	5
2025-01-26	0	2025	1	6
2025-01-27	0	2025	1	0
2025-01-28	0	2025	1	1
2025-01-29	0	2025	1	2
2025-01-30	0	2025	1	3
2025-01-31	0	2025	1	4
2025-02-01	0	2025	2	5
2025-02-02	0	2025	2	6
2025-02-08	0	2025	2	5
2025-02-09	0	2025	2	6
2025-02-15	0	2025	2	5
2025-02-16	0	2025	2	6
2025-02-22	0	2025	2	5
2025-02-23	0	2025	2	6
2025-03-01	0	2025	3	5
2025-03-02	0	2025	3	6
2025-03-08	0	2025	3	5
2025-03-09	0	2025	3	6
2025-03-15	0	2025	3	5
2025-03-16	0	2025	3	6
2025-03-22	0	2025	3	5
2025-03-23	0	2025	3	6
2025-03-29	0	2025	3	5
2025-03-30	0	2025	3	6
2025-04-05	0	2025	4	5
2025-04-06	0	2025	4	6
2025-04-07	0	2025	4	0
2025-04-12	0	2025	4	5
2025-04-13	0	2025	4	6
2025-04-19	0	2025	4	5
2025-04-20	0	2025	4	6
2025-04-26	0	2025	4	5
2025-04-27	0	2025	4	6
2025-04-30	0	2025	4	2
2025-05-01	0	2025	5	3
2025-05-02	0	2025	5	4
2025-05-03	0	2025	5	5
2025-05-04	0	2025	5	6
2025-05-10	0	2025	5	5
2025-05-11	0	2025	5	6
2025-05-17	0	2025	5	5
2025-05-18	0	2025	5	6
2025-05-24	0	2025	5	5
2025-05-25	0	2025	5	6
2025-05-31	0	2025	5	5
2025-06-01	0	2025	6	6
2025-06-07	0	2025	6	5
2025-06-08	0	2025	6	6
2025-06-14	0	2025	6	5
2025-06-15	0	2025	6	6
2025-06-21	0	2025	6	5
2025-06-22	0	2025	6	6
2025-06-28	0	2025	6	5
2025-06-29	0	2025	6	6
2025-07-05	0	2025	7	5
2025-07-06	0	2025	7	6
2025-07-12	0	2025	7	5
2025-07-13	0	2025	7	6
2025-07-19	0	2025	7	5
2025-07-20	0	2025	7	6
2025-07-26	0	2025	7	5
2025-07-27	0	2025	7	6
2025-08-02	0	2025	8	5
2025-08-03	0	2025	8	6
2025-08-09	0	2025	8	5
2025-08-10	0	2025	8	6
2025-08-16	0	2025	8	5
2025-08-17	0	2025	8	6
2025-08-23	0	2025	8	5
2025-08-24	0	2025	8	6
2025-08-30	0	2025	8	5
2025-08-31	0	2025	8	6
2025-09-01	0	2025	9	0
2025-09-02	0	2025	9	1
2025-09-06	0	2025	9	5
2025-09-07	0	2025	9	6
2025-09-13	0	2025	9	5
2025-09-14	0	2025	9	6
2025-09-20	0	2025	9	5
2025-09-21	0	2025	9	6
2025-09-27	0	2025	9	5
2025-09-28	0	2025	9	6
2025-10-04	0	2025	10	5
2025-10-05	0	2025	10	6
2025-10-11	0	2025	10	5
2025-10-12	0	2025	10	6
2025-10-18	0	2025	10	5
2025-10-19	0	2025	10	6
2025-10-25	0	2025	10	5
2025-10-26	0	2025	10	6
2025-11-01	0	2025	11	5
2025-11-02	0	2025	11	6
2025-11-08	0	2025	11	5
2025-11-09	0	2025	11	6
2025-11-15	0	2025	11	5
2025-11-16	0	2025	11	6
2025-11-22	0	2025	11	5
2025-11-23	0	2025	11	6
